ts_code,trade_date,open,high,low,close,pre_close,change,pct_chg,vol,amount
300433.SZ,20230103,10.54,10.8,10.35,10.79,10.53,0.26,2.4691,263722.51,280507.314
300433.SZ,20230104,10.73,10.89,10.62,10.7,10.79,-0.09,-0.8341,168935.09,181183.019
300433.SZ,20230105,10.75,10.94,10.65,10.8,10.7,0.1,0.9346,238525.87,257974.867
300433.SZ,20230106,10.75,10.78,10.57,10.58,10.8,-0.22,-2.037,244628.13,261081.878
300433.SZ,20230109,10.6,10.69,10.49,10.57,10.58,-0.01,-0.0945,192237.98,203391.655
300433.SZ,20230110,10.59,10.71,10.53,10.64,10.57,0.07,0.6623,140818.48,149760.045
300433.SZ,20230111,10.62,10.79,10.5,10.51,10.64,-0.13,-1.2218,192562.42,205099.62
300433.SZ,20230112,10.54,10.56,10.39,10.45,10.51,-0.06,-0.5709,151671.39,158579.281
300433.SZ,20230113,10.43,10.54,10.43,10.52,10.45,0.07,0.6699,101858.58,106775.876
300433.SZ,20230116,10.51,11.3,10.5,11.06,10.52,0.54,5.1331,631799.58,695023.906
300433.SZ,20230117,11.1,11.23,11.06,11.12,11.06,0.06,0.5425,290510.83,323181.543
300433.SZ,20230118,11.18,11.18,11.07,11.14,11.12,0.02,0.1799,174106.17,193825.371
300433.SZ,20230119,11.15,11.29,11.05,11.26,11.14,0.12,1.0772,200401.24,224205.632
300433.SZ,20230120,11.27,11.35,11.18,11.27,11.26,0.01,0.0888,190004.39,213966.201
300433.SZ,20230130,12.73,13.52,12.35,13.39,11.27,2.12,18.811,2101622.59,2746326.074
300433.SZ,20230131,13.39,13.5,13.15,13.29,13.39,-0.1,-0.7468,1077805.26,1434497.181
300433.SZ,20230201,13.4,13.4,12.92,13.32,13.29,0.03,0.2257,980639.76,1292541.374
300433.SZ,20230202,13.2,13.62,13.14,13.23,13.32,-0.09,-0.6757,902570.97,1204040.378
300433.SZ,20230203,13.18,13.49,13.11,13.33,13.23,0.1,0.7559,667238.48,887839.449
300433.SZ,20230206,13.2,13.39,13.09,13.21,13.33,-0.12,-0.9002,458551.19,605384.331
300433.SZ,20230207,13.29,13.65,13.23,13.33,13.21,0.12,0.9084,574052.55,769372.758
300433.SZ,20230208,13.3,13.45,13.21,13.31,13.33,-0.02,-0.15,361352.34,481296.981
300433.SZ,20230209,13.27,13.9,13.23,13.59,13.31,0.28,2.1037,849713.3,1154672.903
300433.SZ,20230210,13.5,13.83,13.46,13.61,13.59,0.02,0.1472,520408.88,707795.904
300433.SZ,20230213,13.6,13.66,13.42,13.63,13.61,0.02,0.147,444175.11,601574.964
300433.SZ,20230214,13.67,14.03,13.54,13.81,13.63,0.18,1.3206,707138.85,975451.692
300433.SZ,20230215,13.75,13.81,13.59,13.69,13.81,-0.12,-0.8689,457271.76,625906.202
300433.SZ,20230216,13.65,14.0,13.37,13.49,13.69,-0.2,-1.4609,748739.09,1026143.998
300433.SZ,20230217,13.47,13.65,13.13,13.14,13.49,-0.35,-2.5945,601901.16,800851.725
300433.SZ,20230220,13.14,13.33,12.98,13.3,13.14,0.16,1.2177,367678.42,485546.445
300433.SZ,20230221,13.34,13.42,13.11,13.28,13.3,-0.02,-0.1504,299014.18,396257.603
300433.SZ,20230222,13.2,13.29,12.99,13.07,13.28,-0.21,-1.5813,308342.06,403999.469
300433.SZ,20230223,13.07,13.18,12.82,12.88,13.07,-0.19,-1.4537,445041.0,575936.394
300433.SZ,20230224,12.88,12.98,12.67,12.73,12.88,-0.15,-1.1646,285127.16,364475.517
300433.SZ,20230227,12.6,12.75,12.48,12.56,12.73,-0.17,-1.3354,273966.79,345473.068
300433.SZ,20230228,12.7,12.89,12.61,12.75,12.56,0.19,1.5127,365143.04,465755.501
300433.SZ,20230301,12.73,12.97,12.69,12.91,12.75,0.16,1.2549,267717.74,344594.455
300433.SZ,20230302,12.98,13.03,12.77,12.82,12.91,-0.09,-0.6971,240886.85,309201.552
300433.SZ,20230303,12.8,12.93,12.66,12.85,12.82,0.03,0.234,204102.1,261331.888
300433.SZ,20230306,12.86,12.89,12.65,12.68,12.85,-0.17,-1.323,242581.81,308415.907
300433.SZ,20230307,12.64,12.78,12.42,12.46,12.68,-0.22,-1.735,276822.3,348798.185
300433.SZ,20230308,12.41,12.57,12.34,12.53,12.46,0.07,0.5618,144785.61,180742.451
300433.SZ,20230309,12.58,12.63,12.43,12.52,12.53,-0.01,-0.0798,131604.64,164898.16
300433.SZ,20230310,12.45,12.5,12.26,12.26,12.52,-0.26,-2.0767,243742.39,301751.215
300433.SZ,20230313,12.29,12.37,12.15,12.33,12.26,0.07,0.571,252083.8,309350.642
300433.SZ,20230314,12.3,12.31,11.93,12.15,12.33,-0.18,-1.4599,264558.98,320214.812
300433.SZ,20230315,12.26,12.5,12.21,12.22,12.15,0.07,0.5761,254302.56,312812.45
300433.SZ,20230316,12.12,12.27,12.02,12.05,12.22,-0.17,-1.3912,184825.96,224501.3
300433.SZ,20230317,12.2,12.33,12.14,12.18,12.05,0.13,1.0788,261051.32,319337.897
300433.SZ,20230320,12.21,12.41,12.15,12.19,12.18,0.01,0.0821,293134.41,359790.773
300433.SZ,20230321,12.17,12.57,12.12,12.48,12.19,0.29,2.379,345429.22,429164.775
300433.SZ,20230322,12.57,12.86,12.45,12.75,12.48,0.27,2.1635,417375.19,529377.211
300433.SZ,20230323,12.95,13.88,12.94,13.56,12.75,0.81,6.3529,1128441.11,1516613.134
300433.SZ,20230324,13.57,13.98,13.54,13.88,13.56,0.32,2.3599,905704.24,1249298.314
300433.SZ,20230327,13.78,14.1,13.56,13.77,13.88,-0.11,-0.7925,578212.07,797352.156
300433.SZ,20230328,13.7,13.76,13.3,13.36,13.77,-0.41,-2.9775,412021.78,555977.64
300433.SZ,20230329,13.4,13.55,13.2,13.38,13.36,0.02,0.1497,302349.06,404732.191
300433.SZ,20230330,13.41,13.57,13.21,13.47,13.38,0.09,0.6726,261083.27,350022.043
300433.SZ,20230331,13.37,13.52,13.22,13.51,13.47,0.04,0.297,266556.09,356693.53
300433.SZ,20230403,13.56,13.62,13.3,13.53,13.51,0.02,0.148,341021.84,459367.395
300433.SZ,20230404,13.57,13.66,13.33,13.49,13.53,-0.04,-0.2956,374870.69,505694.304
300433.SZ,20230406,13.39,14.14,13.34,13.88,13.49,0.39,2.891,657561.08,909479.444
300433.SZ,20230407,13.83,13.88,13.53,13.63,13.88,-0.25,-1.8012,379681.46,517466.68
300433.SZ,20230410,13.55,13.74,13.22,13.24,13.63,-0.39,-2.8613,350478.79,470982.46
300433.SZ,20230411,13.28,13.67,13.27,13.51,13.24,0.27,2.0393,352171.09,474831.474
300433.SZ,20230412,13.52,13.88,13.44,13.84,13.51,0.33,2.4426,405069.73,557434.549
300433.SZ,20230413,13.7,13.75,13.28,13.3,13.84,-0.54,-3.9017,395330.73,530868.381
300433.SZ,20230414,13.35,13.39,12.97,13.28,13.3,-0.02,-0.1504,360139.7,474786.925
300433.SZ,20230417,13.3,13.33,13.11,13.24,13.28,-0.04,-0.3012,208468.67,275037.475
300433.SZ,20230418,13.12,13.24,12.83,13.11,13.24,-0.13,-0.9819,305015.84,397318.093
300433.SZ,20230419,13.06,13.33,13.01,13.15,13.11,0.04,0.3051,200220.23,264233.02
300433.SZ,20230420,13.15,13.33,13.14,13.3,13.15,0.15,1.1407,226230.05,299762.198
300433.SZ,20230421,13.25,13.66,12.6,12.6,13.3,-0.7,-5.2632,520304.26,675771.502
300433.SZ,20230424,12.78,13.47,12.72,12.81,12.6,0.21,1.6667,548134.64,714614.304
300433.SZ,20230425,12.15,12.17,11.11,11.26,12.81,-1.55,-12.0999,995173.81,1139568.432
300433.SZ,20230426,11.21,11.71,11.2,11.31,11.26,0.05,0.444,450036.69,514243.367
300433.SZ,20230427,11.25,11.39,11.11,11.22,11.31,-0.09,-0.7958,263861.64,297631.68
300433.SZ,20230428,11.33,11.72,11.3,11.66,11.22,0.44,3.9216,320211.01,369713.688
300433.SZ,20230504,11.68,11.84,11.5,11.69,11.66,0.03,0.2573,280940.93,327454.533
300433.SZ,20230505,11.69,11.73,11.4,11.47,11.69,-0.22,-1.882,243168.44,279997.247
300433.SZ,20230508,11.54,11.67,11.4,11.58,11.47,0.11,0.959,197997.08,228354.436
300433.SZ,20230509,11.6,11.97,11.46,11.62,11.58,0.04,0.3454,288685.31,338383.991
300433.SZ,20230510,11.58,11.76,11.53,11.62,11.62,0.0,0.0,202311.76,235223.926
300433.SZ,20230511,11.66,11.78,11.5,11.54,11.62,-0.08,-0.6885,197226.17,229085.011
300433.SZ,20230512,11.51,11.58,11.36,11.36,11.54,-0.18,-1.5598,157782.6,180539.217
300433.SZ,20230515,11.32,11.49,11.28,11.47,11.36,0.11,0.9683,153972.08,175253.298
300433.SZ,20230516,11.5,11.57,11.36,11.48,11.47,0.01,0.0872,168608.68,193527.387
300433.SZ,20230517,11.48,11.63,11.43,11.63,11.48,0.15,1.3066,157418.8,182226.597
300433.SZ,20230518,11.64,11.79,11.57,11.65,11.63,0.02,0.172,182565.95,212928.344
300433.SZ,20230519,11.67,11.88,11.66,11.78,11.65,0.13,1.1159,193044.51,227049.572
300433.SZ,20230522,11.84,11.84,11.6,11.65,11.78,-0.13,-1.1036,142007.34,165586.651
300433.SZ,20230523,11.65,11.72,11.5,11.59,11.65,-0.06,-0.515,134303.52,156326.311
300433.SZ,20230524,11.56,11.71,11.45,11.53,11.59,-0.06,-0.5177,112093.0,129821.623
300433.SZ,20230525,11.49,11.66,11.35,11.5,11.53,-0.03,-0.2602,146376.93,167760.653
300433.SZ,20230526,11.48,11.64,11.47,11.64,11.5,0.14,1.2174,114967.37,132953.965
300433.SZ,20230529,11.69,11.73,11.36,11.4,11.64,-0.24,-2.0619,197186.72,226979.601
300433.SZ,20230530,11.35,11.57,11.25,11.57,11.4,0.17,1.4912,179201.81,203995.761
300433.SZ,20230531,11.55,11.68,11.52,11.63,11.57,0.06,0.5186,183527.5,213130.586
300433.SZ,20230601,11.5,11.8,11.37,11.63,11.43,0.2,1.7498,282431.18,328781.902
300433.SZ,20230602,11.7,11.94,11.64,11.84,11.63,0.21,1.8057,256431.95,303124.629
300433.SZ,20230605,11.85,11.95,11.76,11.85,11.84,0.01,0.0845,177685.12,210560.458
300433.SZ,20230606,11.8,11.83,11.38,11.38,11.85,-0.47,-3.9662,315847.34,365415.641
300433.SZ,20230607,11.43,11.6,11.37,11.4,11.38,0.02,0.1757,165774.45,190145.583
300433.SZ,20230608,11.4,11.44,11.19,11.24,11.4,-0.16,-1.4035,192322.7,217040.485
300433.SZ,20230609,11.27,11.53,11.26,11.53,11.24,0.29,2.5801,297064.19,338871.944
300433.SZ,20230612,11.51,11.86,11.48,11.8,11.53,0.27,2.3417,273041.11,319661.983
300433.SZ,20230613,11.8,11.93,11.62,11.87,11.8,0.07,0.5932,249909.01,294814.254
300433.SZ,20230614,11.88,11.9,11.7,11.75,11.87,-0.12,-1.011,144504.8,170122.115
300433.SZ,20230615,11.75,11.77,11.63,11.7,11.75,-0.05,-0.4255,153633.96,179433.697
300433.SZ,20230616,11.75,11.87,11.66,11.87,11.7,0.17,1.453,200759.0,236767.339
300433.SZ,20230619,11.88,12.06,11.78,11.94,11.87,0.07,0.5897,212305.66,253418.313
300433.SZ,20230620,11.92,12.16,11.9,11.94,11.94,0.0,0.0,225995.11,271202.413
300433.SZ,20230621,11.9,11.99,11.69,11.72,11.94,-0.22,-1.8425,169626.64,199932.43
300433.SZ,20230626,11.68,11.76,11.49,11.51,11.72,-0.21,-1.7918,164888.0,191150.573
300433.SZ,20230627,11.53,11.75,11.48,11.69,11.51,0.18,1.5639,115282.05,134102.881
300433.SZ,20230628,11.79,11.79,11.38,11.54,11.69,-0.15,-1.2831,136885.83,157587.194
300433.SZ,20230629,11.5,11.84,11.48,11.72,11.54,0.18,1.5598,182392.02,212971.599
300433.SZ,20230630,11.7,11.83,11.65,11.76,11.72,0.04,0.3413,174858.0,205413.919
300433.SZ,20230703,11.8,12.09,11.78,11.91,11.76,0.15,1.2755,269371.1,322195.424
300433.SZ,20230704,11.85,12.45,11.82,12.25,11.91,0.34,2.8547,360324.47,439908.43
300433.SZ,20230705,12.2,12.37,12.13,12.18,12.25,-0.07,-0.5714,207659.89,253685.456
300433.SZ,20230706,12.19,12.4,12.13,12.24,12.18,0.06,0.4926,168758.45,207023.191
300433.SZ,20230707,12.2,12.26,11.97,12.11,12.24,-0.13,-1.0621,164287.5,198795.657
300433.SZ,20230710,12.12,12.19,11.98,12.03,12.11,-0.08,-0.6606,153472.69,185310.79
300433.SZ,20230711,12.04,12.28,12.02,12.27,12.03,0.24,1.995,154704.72,188876.397
300433.SZ,20230712,12.25,12.36,12.05,12.09,12.27,-0.18,-1.467,137231.79,167258.896
300433.SZ,20230713,12.1,12.37,12.06,12.34,12.09,0.25,2.0678,203737.57,250748.774
300433.SZ,20230714,12.39,12.42,12.26,12.32,12.34,-0.02,-0.1621,127700.52,157387.655
300433.SZ,20230717,12.31,12.49,12.23,12.38,12.32,0.06,0.487,129475.6,159985.774
300433.SZ,20230718,12.43,12.52,12.31,12.36,12.38,-0.02,-0.1616,149469.09,185374.372
300433.SZ,20230719,12.32,12.41,12.18,12.29,12.36,-0.07,-0.5663,150894.77,185065.021
300433.SZ,20230720,12.33,12.38,12.04,12.07,12.29,-0.22,-1.7901,159186.84,193663.946
300433.SZ,20230721,12.08,12.14,11.95,11.98,12.07,-0.09,-0.7457,112014.87,134753.561
300433.SZ,20230724,12.01,12.19,11.99,12.02,11.98,0.04,0.3339,96058.1,116015.993
300433.SZ,20230725,12.14,12.27,12.07,12.24,12.02,0.22,1.8303,122378.1,149213.074
300433.SZ,20230726,12.2,12.23,12.03,12.07,12.24,-0.17,-1.3889,131867.82,159525.215
300433.SZ,20230727,12.02,12.14,11.86,11.87,12.07,-0.2,-1.657,147608.33,176920.428
300433.SZ,20230728,11.83,12.18,11.81,12.15,11.87,0.28,2.3589,169768.92,204376.193
300433.SZ,20230731,12.25,12.37,12.09,12.36,12.15,0.21,1.7284,195426.72,240533.843
300433.SZ,20230801,12.35,12.46,12.28,12.33,12.36,-0.03,-0.2427,179199.45,221621.527
300433.SZ,20230802,12.28,12.42,12.25,12.42,12.33,0.09,0.7299,115844.04,143051.115
300433.SZ,20230803,12.35,12.48,12.34,12.47,12.42,0.05,0.4026,136224.62,169178.444
300433.SZ,20230804,12.5,12.71,12.43,12.49,12.47,0.02,0.1604,198203.8,248691.866
300433.SZ,20230807,12.42,12.54,12.4,12.47,12.49,-0.02,-0.1601,112269.65,139924.507
300433.SZ,20230808,12.41,12.65,12.4,12.47,12.47,0.0,0.0,154600.47,193513.857
300433.SZ,20230809,12.47,12.51,12.23,12.26,12.47,-0.21,-1.684,117512.08,144975.203
300433.SZ,20230810,12.3,12.38,12.25,12.35,12.26,0.09,0.7341,110706.98,136604.165
300433.SZ,20230811,12.39,12.39,12.05,12.05,12.35,-0.3,-2.4291,97818.68,119264.326
300433.SZ,20230814,12.04,12.12,11.83,12.05,12.05,0.0,0.0,156554.84,187572.181
300433.SZ,20230815,12.08,12.15,11.76,11.85,12.05,-0.2,-1.6598,159528.46,190382.998
300433.SZ,20230816,11.8,11.91,11.6,11.65,11.85,-0.2,-1.6878,118433.99,139101.743
300433.SZ,20230817,11.61,11.64,11.42,11.6,11.65,-0.05,-0.4292,176212.78,203128.316
300433.SZ,20230818,11.59,11.64,11.36,11.36,11.6,-0.24,-2.069,148212.32,169949.626
300433.SZ,20230821,11.78,12.39,11.55,11.55,11.36,0.19,1.6725,629864.02,753810.973
300433.SZ,20230822,11.68,11.76,11.32,11.64,11.55,0.09,0.7792,357358.45,412619.592
300433.SZ,20230823,11.6,11.6,11.22,11.22,11.64,-0.42,-3.6082,228041.01,258423.421
300433.SZ,20230824,11.26,11.32,11.11,11.11,11.22,-0.11,-0.9804,177191.07,198371.879
300433.SZ,20230825,11.07,11.11,10.88,10.95,11.11,-0.16,-1.4401,202014.28,221876.141
300433.SZ,20230828,11.84,11.85,11.03,11.06,10.95,0.11,1.0046,284320.98,321212.86
300433.SZ,20230829,11.05,11.75,11.02,11.68,11.06,0.62,5.6058,366380.77,420674.389
300433.SZ,20230830,11.84,12.26,11.83,12.18,11.68,0.5,4.2808,514493.08,623824.768
300433.SZ,20230831,12.15,12.34,12.13,12.3,12.18,0.12,0.9852,358333.94,439814.039
300433.SZ,20230901,12.33,12.36,12.03,12.07,12.3,-0.23,-1.8699,216741.63,262455.477
300433.SZ,20230904,12.12,12.23,12.06,12.23,12.07,0.16,1.3256,213771.06,259882.332
300433.SZ,20230905,12.28,12.54,12.21,12.32,12.23,0.09,0.7359,373274.95,462519.081
300433.SZ,20230906,12.15,12.49,12.15,12.48,12.32,0.16,1.2987,291497.06,361387.486
300433.SZ,20230907,12.42,12.48,12.27,12.3,12.48,-0.18,-1.4423,223455.73,276177.809
300433.SZ,20230908,12.26,12.42,12.23,12.35,12.3,0.05,0.4065,143023.63,176332.392
300433.SZ,20230911,12.51,12.52,12.29,12.39,12.35,0.04,0.3239,200382.95,248214.19
300433.SZ,20230912,12.38,12.48,12.3,12.36,12.39,-0.03,-0.2421,153207.32,189390.646
300433.SZ,20230913,12.29,12.32,12.0,12.11,12.36,-0.25,-2.0227,199821.96,242403.127
300433.SZ,20230914,12.1,12.14,11.9,11.96,12.11,-0.15,-1.2386,160084.22,191775.588
300433.SZ,20230915,11.97,12.14,11.9,11.96,11.96,0.0,0.0,161468.57,193740.188
300433.SZ,20230918,11.93,12.08,11.84,11.92,11.96,-0.04,-0.3344,125784.33,150639.947
300433.SZ,20230919,11.95,11.97,11.7,11.75,11.92,-0.17,-1.4262,144964.0,170795.151
300433.SZ,20230920,11.77,11.84,11.71,11.72,11.75,-0.03,-0.2553,98685.71,116068.421
300433.SZ,20230921,11.72,11.81,11.64,11.73,11.72,0.01,0.0853,122468.29,143602.877
300433.SZ,20230922,11.8,12.17,11.66,12.14,11.73,0.41,3.4953,191368.89,229393.187
300433.SZ,20230925,12.16,12.58,12.1,12.16,12.14,0.02,0.1647,331295.8,406648.124
300433.SZ,20230926,12.18,12.3,11.97,11.97,12.16,-0.19,-1.5625,156301.54,189149.837
300433.SZ,20230927,12.0,12.05,11.85,11.91,11.97,-0.06,-0.5013,150352.0,179310.761
300433.SZ,20230928,11.89,12.33,11.89,12.28,11.91,0.37,3.1066,233414.88,283514.059
300433.SZ,20231009,12.24,12.98,12.23,12.81,12.28,0.53,4.316,530559.48,671066.489
300433.SZ,20231010,12.86,13.03,12.79,12.95,12.81,0.14,1.0929,357926.87,462418.126
300433.SZ,20231011,12.96,13.5,12.9,13.31,12.95,0.36,2.7799,524001.61,695169.938
300433.SZ,20231012,13.31,13.44,13.23,13.37,13.31,0.06,0.4508,352812.16,469853.357
300433.SZ,20231013,13.33,14.02,13.31,13.68,13.37,0.31,2.3186,645898.58,886998.244
300433.SZ,20231016,13.68,13.74,13.5,13.61,13.68,-0.07,-0.5117,398818.78,542996.558
300433.SZ,20231017,13.59,13.7,13.43,13.64,13.61,0.03,0.2204,313627.42,425056.436
300433.SZ,20231018,13.58,13.65,13.36,13.59,13.64,-0.05,-0.3666,300183.83,406598.956
300433.SZ,20231019,13.02,13.15,12.69,12.75,13.59,-0.84,-6.181,713214.31,920187.017
300433.SZ,20231020,12.88,12.92,12.48,12.56,12.75,-0.19,-1.4902,330851.47,418279.169
300433.SZ,20231023,12.63,12.74,12.26,12.48,12.56,-0.08,-0.6369,321866.17,402007.383
300433.SZ,20231024,12.48,12.54,12.1,12.33,12.48,-0.15,-1.2019,311678.06,383382.374
300433.SZ,20231025,12.4,12.59,12.28,12.49,12.33,0.16,1.2976,323523.2,402419.769
300433.SZ,20231026,12.4,13.23,12.29,12.91,12.49,0.42,3.3627,624605.85,799809.496
300433.SZ,20231027,12.76,12.88,12.45,12.78,12.91,-0.13,-1.007,465831.91,590727.102
300433.SZ,20231030,12.7,13.29,12.68,13.19,12.78,0.41,3.2081,603207.15,787514.229
300433.SZ,20231031,13.1,13.24,12.96,13.06,13.19,-0.13,-0.9856,352388.48,461595.577
300433.SZ,20231101,13.15,13.66,13.15,13.26,13.06,0.2,1.5314,543107.71,726525.86
300433.SZ,20231102,13.5,13.58,13.1,13.1,13.26,-0.16,-1.2066,416470.52,553775.508
300433.SZ,20231103,13.11,13.55,13.1,13.41,13.1,0.31,2.3664,467498.14,626450.15
300433.SZ,20231106,13.48,14.34,13.45,14.07,13.41,0.66,4.9217,877022.9,1222210.869
300433.SZ,20231107,14.03,14.14,13.86,13.96,14.07,-0.11,-0.7818,462826.3,646558.684
300433.SZ,20231108,13.99,14.06,13.78,13.89,13.96,-0.07,-0.5014,419677.61,583791.558
300433.SZ,20231109,13.87,13.93,13.57,13.62,13.89,-0.27,-1.9438,402513.0,550188.251
300433.SZ,20231110,13.55,13.95,13.54,13.77,13.62,0.15,1.1013,358543.69,492181.984
300433.SZ,20231113,13.83,13.91,13.67,13.78,13.77,0.01,0.0726,307922.05,424330.686
300433.SZ,20231114,13.76,13.99,13.67,13.76,13.78,-0.02,-0.1451,274772.61,379485.655
300433.SZ,20231115,14.0,14.01,13.74,13.79,13.76,0.03,0.218,226681.53,313534.875
300433.SZ,20231116,13.73,13.79,13.51,13.52,13.79,-0.27,-1.9579,263720.51,359225.571
300433.SZ,20231117,13.5,13.65,13.45,13.55,13.52,0.03,0.2219,199876.98,270412.991
300433.SZ,20231120,13.61,13.62,13.39,13.43,13.55,-0.12,-0.8856,234635.45,316388.371
300433.SZ,20231121,13.45,13.57,13.25,13.28,13.43,-0.15,-1.1169,273350.67,366264.345
300433.SZ,20231122,13.18,13.27,13.02,13.03,13.28,-0.25,-1.8825,236299.49,310106.056
300433.SZ,20231123,13.0,13.32,12.91,13.3,13.03,0.27,2.0721,206620.49,272521.37
300433.SZ,20231124,13.27,13.27,13.03,13.1,13.3,-0.2,-1.5038,199789.62,262035.151
300433.SZ,20231127,13.03,13.22,13.0,13.19,13.1,0.09,0.687,201263.93,263860.95
300433.SZ,20231128,13.17,13.36,13.1,13.23,13.19,0.04,0.3033,221099.6,292049.237
300433.SZ,20231129,13.18,13.35,13.1,13.12,13.23,-0.11,-0.8314,175565.23,231501.432
300433.SZ,20231130,13.09,13.14,12.94,13.06,13.12,-0.06,-0.4573,179667.64,234195.083
300433.SZ,20231201,13.06,13.13,12.96,13.09,13.06,0.03,0.2297,170497.24,222755.968
300433.SZ,20231204,13.1,13.12,12.68,12.79,13.09,-0.3,-2.2918,256189.18,328671.981
300433.SZ,20231205,12.75,12.79,12.47,12.49,12.79,-0.3,-2.3456,200831.36,252956.404
300433.SZ,20231206,12.48,12.62,12.42,12.52,12.49,0.03,0.2402,151831.09,190021.672
300433.SZ,20231207,12.5,12.63,12.46,12.57,12.52,0.05,0.3994,165198.44,207273.632
300433.SZ,20231208,12.58,12.73,12.46,12.7,12.57,0.13,1.0342,299414.46,377742.942
300433.SZ,20231211,12.58,12.95,12.31,12.92,12.7,0.22,1.7323,306572.09,389983.639
300433.SZ,20231212,12.8,13.01,12.77,12.96,12.92,0.04,0.3096,214276.88,276633.064
300433.SZ,20231213,12.92,12.99,12.81,12.81,12.96,-0.15,-1.1574,227015.87,292706.441
300433.SZ,20231214,12.9,13.03,12.73,12.76,12.81,-0.05,-0.3903,176008.51,226885.494
300433.SZ,20231215,12.78,12.9,12.64,12.68,12.76,-0.08,-0.627,159413.26,203022.012
300433.SZ,20231218,12.6,12.7,12.51,12.56,12.68,-0.12,-0.9464,114077.05,143726.115
300433.SZ,20231219,12.6,12.81,12.53,12.75,12.56,0.19,1.5127,142828.24,181138.177
300433.SZ,20231220,12.82,12.87,12.62,12.62,12.75,-0.13,-1.0196,168479.93,214630.85
300433.SZ,20231221,12.58,12.7,12.36,12.64,12.62,0.02,0.1585,224867.42,281918.363
300433.SZ,20231222,12.61,12.75,12.47,12.5,12.64,-0.14,-1.1076,177433.25,223926.784
300433.SZ,20231225,12.45,12.77,12.42,12.72,12.5,0.22,1.76,145383.29,184162.396
300433.SZ,20231226,12.77,12.77,12.1,12.2,12.72,-0.52,-4.0881,262850.25,322019.717
300433.SZ,20231227,12.2,12.63,12.17,12.6,12.2,0.4,3.2787,203380.61,253477.347
300433.SZ,20231228,12.66,12.86,12.51,12.79,12.6,0.19,1.5079,217593.2,277123.145
300433.SZ,20231229,12.8,13.38,12.76,13.2,12.79,0.41,3.2056,353701.88,466130.895
300433.SZ,20240102,13.17,13.32,13.06,13.06,13.2,-0.14,-1.0606,210122.22,276616.126
300433.SZ,20240103,13.0,13.13,12.79,12.86,13.06,-0.2,-1.5314,239677.98,309392.18
300433.SZ,20240104,12.88,12.95,12.55,12.64,12.86,-0.22,-1.7107,175690.85,222535.005
300433.SZ,20240105,12.65,12.86,12.37,12.43,12.64,-0.21,-1.6614,184104.05,232184.47
300433.SZ,20240108,12.35,12.55,11.96,11.97,12.43,-0.46,-3.7007,265160.18,321828.345
300433.SZ,20240109,12.08,12.25,12.0,12.17,11.97,0.2,1.6708,261205.14,316702.912
300433.SZ,20240110,12.13,12.16,11.88,11.94,12.17,-0.23,-1.8899,171768.18,206187.734
300433.SZ,20240111,11.93,12.3,11.85,12.26,11.94,0.32,2.6801,201578.96,245006.122
300433.SZ,20240112,12.23,12.23,11.98,11.98,12.26,-0.28,-2.2838,220135.2,265869.128
300433.SZ,20240115,12.0,12.3,11.91,12.15,11.98,0.17,1.419,195108.34,236859.727
300433.SZ,20240116,12.1,12.28,11.96,12.13,12.15,-0.02,-0.1646,182169.72,220523.016
300433.SZ,20240117,12.1,12.16,11.78,11.78,12.13,-0.35,-2.8854,147330.68,176235.548
300433.SZ,20240118,11.72,11.89,11.48,11.85,11.78,0.07,0.5942,243121.98,283448.966
300433.SZ,20240119,11.83,11.93,11.74,11.78,11.85,-0.07,-0.5907,168311.81,199113.028
300433.SZ,20240122,11.81,12.13,11.39,11.48,11.78,-0.3,-2.5467,356421.93,419764.335
300433.SZ,20240123,11.47,11.68,11.33,11.57,11.48,0.09,0.784,208143.1,240709.763
300433.SZ,20240124,11.62,11.8,11.24,11.63,11.57,0.06,0.5186,222526.26,255870.059
300433.SZ,20240125,11.6,11.98,11.48,11.96,11.63,0.33,2.8375,229842.45,271559.414
300433.SZ,20240126,11.9,11.95,11.78,11.82,11.96,-0.14,-1.1706,231230.33,274535.733
300433.SZ,20240129,11.82,11.94,11.51,11.52,11.82,-0.3,-2.5381,249105.01,290937.349
300433.SZ,20240130,11.45,11.53,11.2,11.22,11.52,-0.3,-2.6042,205114.56,233614.059
300433.SZ,20240131,11.24,11.3,10.43,10.45,11.22,-0.77,-6.8627,496038.56,531247.899
300433.SZ,20240201,10.37,11.01,10.34,10.86,10.45,0.41,3.9234,369580.94,398974.425
300433.SZ,20240202,10.82,11.04,10.11,10.46,10.86,-0.4,-3.6832,315175.18,333316.296
300433.SZ,20240205,10.42,10.55,9.77,10.25,10.46,-0.21,-2.0076,477994.97,487601.258
300433.SZ,20240206,10.25,11.04,10.11,11.0,10.25,0.75,7.3171,454592.9,486127.686
300433.SZ,20240207,11.0,11.55,10.96,11.3,11.0,0.3,2.7273,399616.49,450929.548
300433.SZ,20240208,11.35,11.59,11.29,11.44,11.3,0.14,1.2389,377843.65,432448.0
300433.SZ,20240219,11.59,11.68,11.48,11.59,11.44,0.15,1.3112,325356.58,376374.241
300433.SZ,20240220,11.57,11.58,11.32,11.51,11.59,-0.08,-0.6903,211202.79,241726.423
300433.SZ,20240221,11.41,11.79,11.35,11.57,11.51,0.06,0.5213,264157.35,306780.594
300433.SZ,20240222,11.49,11.75,11.46,11.75,11.57,0.18,1.5557,219473.17,256122.65
300433.SZ,20240223,11.77,11.87,11.65,11.81,11.75,0.06,0.5106,201553.61,236999.535
300433.SZ,20240226,11.8,12.02,11.75,11.81,11.81,0.0,0.0,224745.3,266773.593
300433.SZ,20240227,11.73,12.08,11.7,12.07,11.81,0.26,2.2015,261718.88,312302.118
300433.SZ,20240228,12.08,12.31,11.71,11.71,12.07,-0.36,-2.9826,357353.8,429584.414
300433.SZ,20240229,11.69,12.11,11.66,12.1,11.71,0.39,3.3305,275365.42,329791.972
300433.SZ,20240301,12.14,12.5,12.11,12.48,12.1,0.38,3.1405,349602.95,432443.936
300433.SZ,20240304,12.64,12.78,12.32,12.51,12.48,0.03,0.2404,332058.0,414671.978
300433.SZ,20240305,12.32,12.79,12.3,12.59,12.51,0.08,0.6395,416068.92,522736.934
300433.SZ,20240306,12.45,12.8,12.28,12.55,12.59,-0.04,-0.3177,301164.68,376939.014
300433.SZ,20240307,12.5,12.58,12.19,12.19,12.55,-0.36,-2.8685,291512.46,360312.378
300433.SZ,20240308,12.19,12.44,12.18,12.42,12.19,0.23,1.8868,193264.11,238346.731
300433.SZ,20240311,12.42,13.32,12.37,13.31,12.42,0.89,7.1659,754677.5,983930.428
300433.SZ,20240312,13.24,13.55,13.0,13.13,13.31,-0.18,-1.3524,714376.09,945539.269
300433.SZ,20240313,13.1,13.18,12.91,13.03,13.13,-0.1,-0.7616,396551.7,517006.586
300433.SZ,20240314,12.97,13.08,12.65,12.75,13.03,-0.28,-2.1489,317748.17,407959.431
300433.SZ,20240315,12.8,12.96,12.63,12.96,12.75,0.21,1.6471,261502.78,335179.006
300433.SZ,20240318,12.96,13.33,12.93,13.25,12.96,0.29,2.2377,402387.38,528932.774
300433.SZ,20240319,13.17,13.68,13.17,13.38,13.25,0.13,0.9811,642758.03,867316.026
300433.SZ,20240320,13.32,13.55,13.25,13.38,13.38,0.0,0.0,286040.2,381823.71
300433.SZ,20240321,13.51,13.72,13.35,13.61,13.38,0.23,1.719,508843.68,690873.394
300433.SZ,20240322,13.51,13.72,13.36,13.49,13.61,-0.12,-0.8817,398141.28,537876.528
300433.SZ,20240325,13.57,13.85,13.33,13.34,13.49,-0.15,-1.1119,466599.62,634476.285
300433.SZ,20240326,13.15,13.52,13.15,13.42,13.34,0.08,0.5997,304160.71,407618.784
300433.SZ,20240327,13.5,13.54,13.1,13.1,13.42,-0.32,-2.3845,256272.89,340017.099
300433.SZ,20240328,13.11,13.85,13.08,13.55,13.1,0.45,3.4351,413435.59,560292.792
300433.SZ,20240329,13.56,13.73,13.4,13.64,13.55,0.09,0.6642,285040.12,387018.736
300433.SZ,20240401,13.73,14.23,13.66,14.18,13.64,0.54,3.9589,552240.94,773468.519
300433.SZ,20240402,14.04,14.08,13.68,13.8,14.18,-0.38,-2.6798,388232.94,536106.152
300433.SZ,20240403,13.73,14.09,13.48,13.93,13.8,0.13,0.942,398118.22,551690.359
300433.SZ,20240408,13.93,14.05,13.64,13.77,13.93,-0.16,-1.1486,298838.78,412905.269
300433.SZ,20240409,13.62,13.81,13.52,13.72,13.77,-0.05,-0.3631,258748.99,352763.033
300433.SZ,20240410,13.76,13.76,13.29,13.4,13.72,-0.32,-2.3324,276939.99,371674.77
300433.SZ,20240411,13.38,13.6,13.18,13.26,13.4,-0.14,-1.0448,246673.49,329799.283
300433.SZ,20240412,13.28,13.68,13.26,13.48,13.26,0.22,1.6591,323204.43,436497.076
300433.SZ,20240415,13.4,13.74,13.38,13.64,13.48,0.16,1.1869,335290.52,454764.884
300433.SZ,20240416,13.51,13.59,13.04,13.07,13.64,-0.57,-4.1789,393575.39,519850.144
300433.SZ,20240417,13.21,13.66,13.21,13.63,13.07,0.56,4.2846,319636.27,431547.184
300433.SZ,20240418,13.67,13.8,13.43,13.67,13.63,0.04,0.2935,256486.7,350178.585
300433.SZ,20240419,13.67,13.73,13.36,13.61,13.67,-0.06,-0.4389,328588.12,444513.832
300433.SZ,20240422,13.62,13.75,13.4,13.65,13.61,0.04,0.2939,277694.1,379127.014
300433.SZ,20240423,13.71,13.87,13.34,13.6,13.65,-0.05,-0.3663,377786.45,509916.307
300433.SZ,20240424,13.62,13.78,13.05,13.47,13.6,-0.13,-0.9559,667079.52,886703.61
300433.SZ,20240425,13.45,13.65,13.25,13.5,13.47,0.03,0.2227,402183.19,540021.292
300433.SZ,20240426,13.5,14.04,13.47,13.97,13.5,0.47,3.4815,473348.52,656973.8
300433.SZ,20240429,13.9,14.42,13.86,14.34,13.97,0.37,2.6485,487906.62,692442.221
300433.SZ,20240430,14.45,14.55,14.14,14.31,14.34,-0.03,-0.2092,406027.94,579946.4
300433.SZ,20240506,14.52,14.85,14.42,14.78,14.31,0.47,3.2844,458089.17,672764.675
300433.SZ,20240507,14.71,14.92,14.62,14.69,14.78,-0.09,-0.6089,261317.9,385134.39
300433.SZ,20240508,14.69,14.73,14.37,14.4,14.69,-0.29,-1.9741,230011.31,333181.529
300433.SZ,20240509,14.4,14.54,14.4,14.5,14.4,0.1,0.6944,176378.6,255312.473
300433.SZ,20240510,14.58,14.6,14.22,14.35,14.5,-0.15,-1.0345,158165.97,226740.011
300433.SZ,20240513,14.29,14.81,14.07,14.67,14.35,0.32,2.23,363962.53,532437.401
300433.SZ,20240514,14.66,15.28,14.66,14.74,14.67,0.07,0.4772,344304.59,513528.679
300433.SZ,20240515,14.65,14.86,14.41,14.44,14.74,-0.3,-2.0353,199433.09,291616.24
300433.SZ,20240516,14.52,14.8,14.33,14.68,14.44,0.24,1.662,274502.74,401156.151
300433.SZ,20240517,14.62,14.8,14.55,14.75,14.68,0.07,0.4768,208058.0,305538.345
300433.SZ,20240520,14.73,14.83,14.55,14.65,14.75,-0.1,-0.678,239896.77,351893.416
300433.SZ,20240521,14.69,14.98,14.5,14.9,14.65,0.25,1.7065,250663.12,371838.122
300433.SZ,20240522,14.91,15.3,14.81,15.27,14.9,0.37,2.4832,343817.74,519507.133
300433.SZ,20240523,15.29,15.35,14.85,14.9,15.27,-0.37,-2.4231,317548.98,477461.914
300433.SZ,20240524,14.83,15.06,14.65,14.73,14.9,-0.17,-1.1409,210666.43,312990.022
300433.SZ,20240527,14.72,15.23,14.69,15.19,14.73,0.46,3.1229,308364.33,463436.814
300433.SZ,20240528,15.2,15.22,14.88,14.9,15.19,-0.29,-1.9092,199336.85,299586.693
300433.SZ,20240529,14.9,15.1,14.87,14.93,14.9,0.03,0.2013,226402.33,339224.102
300433.SZ,20240530,14.83,15.35,14.76,15.15,14.93,0.22,1.4735,383732.64,582768.065
300433.SZ,20240531,15.16,15.54,15.05,15.3,15.15,0.15,0.9901,360610.68,554568.216
300433.SZ,20240603,15.3,15.58,15.22,15.52,15.3,0.22,1.4379,380031.0,587083.498
300433.SZ,20240604,15.43,15.57,15.11,15.43,15.52,-0.09,-0.5799,314654.84,481677.721
300433.SZ,20240605,15.5,15.99,15.43,15.84,15.43,0.41,2.6572,564931.23,891437.256
300433.SZ,20240606,15.85,16.14,15.76,15.86,15.84,0.02,0.1263,513013.54,819136.74
300433.SZ,20240607,15.81,15.94,15.44,15.64,15.86,-0.22,-1.3871,367956.55,575274.916
300433.SZ,20240611,15.22,15.67,15.13,15.57,15.64,-0.07,-0.4476,330403.41,508251.952
300433.SZ,20240612,16.01,16.4,15.53,15.55,15.57,-0.02,-0.1285,741616.08,1187202.857
300433.SZ,20240613,15.7,16.39,15.7,15.87,15.55,0.32,2.0579,583455.5,934875.462
300433.SZ,20240614,15.74,16.3,15.7,16.15,15.87,0.28,1.7643,453723.03,731005.079
300433.SZ,20240617,16.11,17.29,16.07,17.0,16.15,0.85,5.2632,936162.55,1570559.81
300433.SZ,20240618,17.0,17.57,16.88,17.25,17.0,0.25,1.4706,720615.0,1243747.003
300433.SZ,20240619,17.23,17.37,16.89,17.21,17.25,-0.04,-0.2319,477170.78,817123.304
300433.SZ,20240620,17.17,17.53,17.1,17.18,17.21,-0.03,-0.1743,419491.37,724798.581
300433.SZ,20240621,17.0,17.89,16.87,17.62,17.18,0.44,2.5611,607377.42,1064782.665
300433.SZ,20240624,17.57,18.03,17.26,17.35,17.62,-0.27,-1.5323,603776.03,1063601.865
300433.SZ,20240625,17.21,17.43,16.8,16.94,17.35,-0.41,-2.3631,571858.55,974305.758
300433.SZ,20240626,16.68,17.69,16.64,17.55,16.64,0.91,5.4688,754417.85,1298915.389
300433.SZ,20240627,17.43,18.58,17.34,17.94,17.55,0.39,2.2222,1110960.08,2001231.913
300433.SZ,20240628,17.76,18.5,17.7,18.25,17.94,0.31,1.728,620031.0,1128614.027
300433.SZ,20240701,18.02,18.23,17.7,18.16,18.25,-0.09,-0.4932,475710.5,854938.99
300433.SZ,20240702,18.2,18.37,17.63,17.69,18.16,-0.47,-2.5881,498036.79,888527.653
300433.SZ,20240703,17.7,18.05,17.63,17.85,17.69,0.16,0.9045,383533.95,683653.234
300433.SZ,20240704,17.79,18.5,17.73,18.41,17.85,0.56,3.1373,581710.99,1064225.618
300433.SZ,20240705,18.35,18.36,17.32,17.74,18.41,-0.67,-3.6393,740497.77,1306972.078
300433.SZ,20240708,17.73,18.13,17.7,17.84,17.74,0.1,0.5637,432293.09,774188.695
300433.SZ,20240709,17.99,19.67,17.91,19.46,17.84,1.62,9.0807,1057836.0,2008365.06
300433.SZ,20240710,19.2,19.83,19.07,19.57,19.46,0.11,0.5653,620657.22,1207411.359
300433.SZ,20240711,19.91,20.32,19.19,19.86,19.57,0.29,1.4819,841054.74,1663341.714
300433.SZ,20240712,19.4,19.94,19.3,19.69,19.86,-0.17,-0.856,431073.99,845000.698
300433.SZ,20240715,19.52,19.81,19.14,19.53,19.69,-0.16,-0.8126,414182.9,805065.768
300433.SZ,20240716,19.62,20.47,19.5,20.44,19.53,0.91,4.6595,739674.07,1478804.256
300433.SZ,20240717,20.06,20.43,19.33,19.49,20.44,-0.95,-4.6477,622722.99,1229722.936
300433.SZ,20240718,18.96,19.21,18.31,19.05,19.49,-0.44,-2.2576,825514.24,1547880.034
300433.SZ,20240719,18.77,19.09,18.24,18.68,19.05,-0.37,-1.9423,694066.7,1296348.823
300433.SZ,20240722,18.41,18.85,17.8,18.6,18.68,-0.08,-0.4283,925347.26,1687319.954
300433.SZ,20240723,18.64,18.83,17.88,17.88,18.6,-0.72,-3.871,542897.44,985705.981
300433.SZ,20240724,17.88,18.02,17.33,17.57,17.88,-0.31,-1.7338,597133.98,1050520.448
300433.SZ,20240725,17.22,17.43,16.87,17.31,17.57,-0.26,-1.4798,519272.77,890855.55
300433.SZ,20240726,17.36,17.88,17.12,17.68,17.31,0.37,2.1375,430613.77,756534.258
300433.SZ,20240729,17.64,18.27,17.3,17.79,17.68,0.11,0.6222,444350.5,794546.165
300433.SZ,20240730,17.7,17.86,17.46,17.58,17.79,-0.21,-1.1804,272695.11,480196.206
300433.SZ,20240731,17.58,18.05,17.3,17.85,17.58,0.27,1.5358,431333.79,766552.046
300433.SZ,20240801,18.1,18.15,17.63,17.97,17.85,0.12,0.6723,490869.14,879757.672
300433.SZ,20240802,17.67,18.2,17.47,17.74,17.97,-0.23,-1.2799,427697.77,760570.155
300433.SZ,20240805,17.12,17.35,16.36,16.5,17.74,-1.24,-6.9899,826054.37,1391053.947
300433.SZ,20240806,16.85,16.99,16.52,16.9,16.5,0.4,2.4242,382546.46,640133.492
300433.SZ,20240807,16.81,16.98,16.46,16.63,16.9,-0.27,-1.5976,250656.84,418061.949
300433.SZ,20240808,16.48,17.11,16.36,16.85,16.63,0.22,1.3229,287988.8,485091.831
300433.SZ,20240809,17.0,17.37,16.95,17.03,16.85,0.18,1.0682,254615.68,436439.083
300433.SZ,20240812,16.95,17.44,16.91,17.12,17.03,0.09,0.5285,247398.66,426143.058
300433.SZ,20240813,17.12,17.47,16.92,17.14,17.12,0.02,0.1168,183008.64,313949.915
300433.SZ,20240814,17.2,17.23,16.85,16.91,17.14,-0.23,-1.3419,203589.21,346283.139
300433.SZ,20240815,16.83,17.25,16.71,16.79,16.91,-0.12,-0.7096,260636.33,441826.24
300433.SZ,20240816,16.92,17.27,16.82,17.0,16.79,0.21,1.2507,237009.06,405073.387
300433.SZ,20240819,16.99,17.32,16.92,17.0,17.0,0.0,0.0,192026.58,328821.852
300433.SZ,20240820,17.0,17.19,16.82,17.01,17.0,0.01,0.0588,188317.72,319798.497
300433.SZ,20240821,16.94,18.11,16.84,17.35,17.01,0.34,1.9988,631400.21,1107572.513
300433.SZ,20240822,17.27,17.44,16.77,17.21,17.35,-0.14,-0.8069,380714.62,652037.14
300433.SZ,20240823,17.1,17.45,17.0,17.33,17.21,0.12,0.6973,271081.57,468920.069
300433.SZ,20240826,17.44,17.45,16.72,17.0,17.33,-0.33,-1.9042,450783.65,765324.888
300433.SZ,20240827,16.99,16.99,16.34,16.41,17.0,-0.59,-3.4706,314266.1,519906.11
300433.SZ,20240828,16.41,16.78,16.3,16.54,16.41,0.13,0.7922,219731.91,363153.254
300433.SZ,20240829,16.54,17.08,16.25,16.83,16.54,0.29,1.7533,298086.54,497504.01
300433.SZ,20240830,16.82,17.95,16.82,17.57,16.83,0.74,4.3969,625264.31,1102520.527
300433.SZ,20240902,17.56,17.68,16.92,17.16,17.57,-0.41,-2.3335,452999.76,782906.714
300433.SZ,20240903,17.0,17.41,16.81,16.9,17.16,-0.26,-1.5152,266022.76,452388.296
300433.SZ,20240904,16.64,16.69,16.16,16.38,16.9,-0.52,-3.0769,351219.26,574477.005
300433.SZ,20240905,16.42,16.45,16.16,16.18,16.38,-0.2,-1.221,295698.8,480928.255
300433.SZ,20240906,16.27,16.29,15.74,15.8,16.18,-0.38,-2.3486,297441.72,475147.708
300433.SZ,20240909,15.76,16.05,15.6,15.76,15.8,-0.04,-0.2532,270009.51,425267.944
300433.SZ,20240910,15.66,15.95,15.4,15.8,15.76,0.04,0.2538,229056.78,359508.338
300433.SZ,20240911,15.86,15.98,15.47,15.72,15.8,-0.08,-0.5063,252191.23,394536.737
300433.SZ,20240912,15.74,15.83,15.3,15.37,15.72,-0.35,-2.2265,401392.54,619242.191
300433.SZ,20240913,15.35,15.69,15.31,15.39,15.37,0.02,0.1301,356888.67,554490.943
300433.SZ,20240918,15.26,15.38,14.92,15.0,15.39,-0.39,-2.5341,288244.36,433764.549
300433.SZ,20240919,15.16,15.32,14.93,15.09,15.0,0.09,0.6,232538.54,351555.964
300433.SZ,20240920,15.15,15.55,15.03,15.35,15.09,0.26,1.723,275558.0,423357.721
300433.SZ,20240923,15.35,15.6,15.13,15.17,15.35,-0.18,-1.1726,224126.54,343586.975
300433.SZ,20240924,15.22,16.18,15.13,16.06,15.17,0.89,5.8668,457599.38,719054.953
300433.SZ,20240925,16.25,16.77,16.1,16.22,16.06,0.16,0.9963,549071.25,901641.154
300433.SZ,20240926,16.13,16.7,16.09,16.67,16.22,0.45,2.7744,488609.14,804362.45
300433.SZ,20240927,16.84,17.99,16.63,17.65,16.67,0.98,5.8788,645017.49,1117627.654
300433.SZ,20240930,18.42,20.73,17.94,20.45,17.65,2.8,15.864,1037573.64,1995146.053
300433.SZ,20241008,24.53,24.53,21.6,24.29,20.45,3.84,18.7775,1466896.72,3407201.097
300433.SZ,20241009,23.02,23.37,21.03,21.19,24.29,-3.1,-12.7625,1197762.07,2667244.871
300433.SZ,20241010,21.18,22.5,20.82,21.51,21.19,0.32,1.5101,719984.75,1560277.347
300433.SZ,20241011,21.05,21.3,19.72,20.08,21.51,-1.43,-6.6481,596321.42,1217143.137
300433.SZ,20241014,20.08,21.63,19.92,21.35,20.08,1.27,6.3247,633899.11,1318481.681
300433.SZ,20241015,21.35,21.72,20.83,20.84,21.35,-0.51,-2.3888,478119.91,1017489.121
300433.SZ,20241016,20.49,20.98,20.36,20.62,20.84,-0.22,-1.0557,354585.71,731263.072
300433.SZ,20241017,20.79,21.67,20.7,21.04,20.62,0.42,2.0369,511147.9,1084285.567
300433.SZ,20241018,21.0,23.0,20.88,22.52,21.04,1.48,7.0342,877798.89,1944299.216
300433.SZ,20241021,23.59,24.51,22.92,23.21,22.52,0.69,3.0639,1239331.13,2933957.617
300433.SZ,20241022,23.07,24.42,22.53,23.85,23.21,0.64,2.7574,988984.86,2330282.986
300433.SZ,20241023,23.84,24.1,23.0,23.26,23.85,-0.59,-2.4738,613584.16,1444634.632
300433.SZ,20241024,22.72,23.35,22.67,23.11,23.26,-0.15,-0.6449,359734.5,826252.958
300433.SZ,20241025,23.27,23.34,22.63,22.71,23.11,-0.4,-1.7309,503016.28,1148650.172
300433.SZ,20241028,22.9,22.9,22.24,22.72,22.71,0.01,0.044,355627.35,803595.135
300433.SZ,20241029,22.73,23.4,22.6,22.88,22.72,0.16,0.7042,540383.52,1245615.749
300433.SZ,20241030,22.61,23.4,22.49,22.64,22.88,-0.24,-1.049,485651.26,1112449.407
300433.SZ,20241031,22.6,22.9,22.15,22.55,22.64,-0.09,-0.3975,482890.68,1090421.432
300433.SZ,20241101,22.2,22.45,21.5,21.51,22.55,-1.04,-4.612,543876.14,1189263.194
300433.SZ,20241104,21.45,22.26,21.41,22.0,21.51,0.49,2.278,320300.61,704538.123
300433.SZ,20241105,22.11,22.87,21.93,22.77,22.0,0.77,3.5,493912.43,1112815.348
300433.SZ,20241106,22.82,22.99,21.86,22.14,22.77,-0.63,-2.7668,642805.28,1443804.278
300433.SZ,20241107,22.07,22.28,21.51,22.28,22.14,0.14,0.6323,522998.04,1144787.577
300433.SZ,20241108,22.4,22.85,21.85,22.01,22.28,-0.27,-1.2118,604149.51,1346392.756
300433.SZ,20241111,22.03,22.96,21.76,22.83,22.01,0.82,3.7256,663145.82,1489135.054
300433.SZ,20241112,22.96,24.81,22.55,23.7,22.83,0.87,3.8108,1186303.18,2803773.381
300433.SZ,20241113,23.21,23.27,22.44,23.01,23.7,-0.69,-2.9114,678816.64,1552585.144
300433.SZ,20241114,23.0,23.33,22.4,22.4,23.01,-0.61,-2.651,429215.04,980354.786
300433.SZ,20241115,22.2,22.96,21.7,21.7,22.4,-0.7,-3.125,482728.88,1079957.953
300433.SZ,20241118,21.63,21.92,20.88,21.07,21.7,-0.63,-2.9032,468417.26,999005.519
300433.SZ,20241119,21.29,21.77,21.0,21.69,21.07,0.62,2.9426,336753.3,718720.529
300433.SZ,20241120,21.62,21.74,21.14,21.34,21.69,-0.35,-1.6136,379611.13,811107.321
300433.SZ,20241121,21.26,21.35,20.73,21.08,21.34,-0.26,-1.2184,422422.8,886603.03
300433.SZ,20241122,21.08,21.2,20.13,20.16,21.08,-0.92,-4.3643,364358.54,752706.103
300433.SZ,20241125,20.16,20.31,19.43,19.8,20.16,-0.36,-1.7857,368030.71,728304.796
300433.SZ,20241126,19.8,20.34,19.69,19.9,19.8,0.1,0.5051,254522.72,509428.962
300433.SZ,20241127,19.82,21.16,19.74,21.07,19.9,1.17,5.8794,552579.94,1137010.533
300433.SZ,20241128,21.08,21.15,20.6,20.69,21.07,-0.38,-1.8035,269735.02,562527.284
300433.SZ,20241129,20.69,21.04,20.4,20.65,20.69,-0.04,-0.1933,324929.88,672918.56
300433.SZ,20241202,20.63,22.0,20.63,21.71,20.65,1.06,5.1332,598274.68,1295277.737
300433.SZ,20241203,21.71,21.94,21.46,21.69,21.71,-0.02,-0.0921,321933.53,698127.426
300433.SZ,20241204,21.67,21.8,21.3,21.4,21.69,-0.29,-1.337,217472.63,467219.108
300433.SZ,20241205,21.28,21.58,20.96,21.15,21.4,-0.25,-1.1682,223179.94,472707.575
300433.SZ,20241206,21.45,22.17,21.3,21.95,21.15,0.8,3.7825,509873.75,1115920.208
300433.SZ,20241209,21.88,22.13,21.54,21.7,21.95,-0.25,-1.139,239335.83,521393.505
300433.SZ,20241210,22.81,22.89,22.1,22.13,21.7,0.43,1.9816,497024.2,1117158.984
300433.SZ,20241211,22.14,22.85,21.85,22.43,22.13,0.3,1.3556,329270.92,736243.982
300433.SZ,20241212,22.55,22.86,22.11,22.31,22.43,-0.12,-0.535,278641.47,622285.362
300433.SZ,20241213,22.14,22.28,21.85,21.98,22.31,-0.33,-1.4792,307573.29,677136.539
300433.SZ,20241216,21.88,22.25,21.75,21.99,21.98,0.01,0.0455,251115.74,553545.155
300433.SZ,20241217,21.9,22.36,21.86,22.05,21.99,0.06,0.2729,273067.62,604366.804
300433.SZ,20241218,22.27,22.3,21.9,22.15,22.05,0.1,0.4535,205605.54,454507.634
300433.SZ,20241219,21.83,23.0,21.75,22.72,22.15,0.57,2.5734,447051.41,1010205.633
300433.SZ,20241220,22.6,23.0,22.46,22.74,22.72,0.02,0.088,304400.3,691778.681
300433.SZ,20241223,22.9,22.95,22.14,22.17,22.74,-0.57,-2.5066,327320.85,734829.303
300433.SZ,20241224,22.27,22.68,22.17,22.48,22.17,0.31,1.3983,239184.04,536840.139
300433.SZ,20241225,22.48,22.56,21.83,22.07,22.48,-0.41,-1.8238,196611.58,436520.264
300433.SZ,20241226,22.03,22.37,21.8,22.17,22.07,0.1,0.4531,228677.44,506808.005
300433.SZ,20241227,22.12,22.59,21.93,21.96,22.17,-0.21,-0.9472,302495.69,673128.369
300433.SZ,20241230,21.95,22.7,21.66,22.42,21.96,0.46,2.0947,375752.87,840758.887
300433.SZ,20241231,22.43,22.58,21.9,21.9,22.42,-0.52,-2.3194,301875.62,670537.042
300433.SZ,20250102,21.91,22.26,20.73,21.02,21.9,-0.88,-4.0183,426172.52,914897.094
300433.SZ,20250103,21.02,21.49,20.63,20.66,21.02,-0.36,-1.7127,272755.89,572830.159
300433.SZ,20250106,20.7,21.0,20.25,20.5,20.66,-0.16,-0.7744,228246.95,469246.485
300433.SZ,20250107,20.6,22.07,20.56,21.95,20.5,1.45,7.0732,389777.79,839787.753
300433.SZ,20250108,21.8,21.95,21.18,21.58,21.95,-0.37,-1.6856,307491.75,662201.984
300433.SZ,20250109,21.74,22.34,21.46,22.14,21.58,0.56,2.595,343799.28,759265.46
300433.SZ,20250110,22.1,23.6,21.74,22.94,22.14,0.8,3.6134,740183.1,1689195.941
300433.SZ,20250113,22.6,22.88,22.11,22.35,22.94,-0.59,-2.5719,481291.14,1081657.121
300433.SZ,20250114,22.21,26.82,21.83,26.6,22.35,4.25,19.0157,2620235.89,6692142.344
300433.SZ,20250115,25.8,25.8,23.39,23.79,26.6,-2.81,-10.5639,2445023.12,5900538.182
300433.SZ,20250116,23.36,24.18,22.9,23.69,23.79,-0.1,-0.4203,1429629.63,3366603.425
300433.SZ,20250117,23.3,23.88,23.11,23.5,23.69,-0.19,-0.802,767531.41,1800956.489
300433.SZ,20250120,23.9,24.9,23.9,24.54,23.5,1.04,4.4255,1263086.77,3102375.119
300433.SZ,20250121,24.69,25.98,24.42,25.45,24.54,0.91,3.7082,1047214.43,2636128.491
300433.SZ,20250122,25.86,25.96,24.86,25.14,25.45,-0.31,-1.2181,799157.55,2013807.038
300433.SZ,20250123,25.44,25.68,24.25,24.52,25.14,-0.62,-2.4662,748964.96,1859698.614
300433.SZ,20250124,24.61,26.88,24.52,26.51,24.52,1.99,8.1158,1104875.58,2855861.851
300433.SZ,20250127,26.82,26.83,25.6,26.01,26.51,-0.5,-1.8861,586894.28,1528992.478
300433.SZ,20250205,26.5,26.88,25.6,25.69,26.01,-0.32,-1.2303,770910.4,2011475.372
300433.SZ,20250206,25.41,27.48,25.36,27.13,25.69,1.44,5.6053,1023462.75,2751583.454
300433.SZ,20250207,27.13,28.88,27.0,27.48,27.13,0.35,1.2901,1098327.57,3057740.471
300433.SZ,20250210,27.3,28.61,27.11,27.66,27.48,0.18,0.655,792648.22,2204086.335
300433.SZ,20250211,27.58,28.77,27.45,28.29,27.66,0.63,2.2777,628317.54,1771837.952
300433.SZ,20250212,28.44,29.53,28.04,29.15,28.29,0.86,3.0399,620837.96,1797401.668
300433.SZ,20250213,29.0,29.4,28.0,28.26,29.15,-0.89,-3.0532,496014.19,1414982.29
300433.SZ,20250214,28.09,28.96,27.6,28.08,28.26,-0.18,-0.6369,577699.05,1627917.15
300433.SZ,20250217,27.77,28.9,27.77,28.38,28.08,0.3,1.0684,593077.19,1682027.766
300433.SZ,20250218,28.05,28.6,27.45,27.65,28.38,-0.73,-2.5722,466102.93,1307059.897
300433.SZ,20250219,27.51,29.15,27.3,28.93,27.65,1.28,4.6293,602022.93,1712128.551
300433.SZ,20250220,29.1,29.5,28.68,29.08,28.93,0.15,0.5185,516741.77,1505720.052
300433.SZ,20250221,29.05,29.68,28.6,28.96,29.08,-0.12,-0.4127,496757.59,1442897.624
300433.SZ,20250224,30.54,32.05,29.69,29.88,28.96,0.92,3.1768,1132995.93,3468599.871
300433.SZ,20250225,29.3,30.33,28.75,29.52,29.88,-0.36,-1.2048,705354.52,2079462.217
300433.SZ,20250226,29.7,29.81,28.53,29.25,29.52,-0.27,-0.9146,619566.33,1815323.606
300433.SZ,20250227,29.28,29.35,28.3,28.72,29.25,-0.53,-1.812,524810.18,1507857.429
300433.SZ,20250228,28.59,28.64,26.68,26.81,28.72,-1.91,-6.6504,706457.8,1940240.308
300433.SZ,20250303,27.02,27.48,26.26,26.94,26.81,0.13,0.4849,465834.11,1258122.476
300433.SZ,20250304,26.81,27.94,26.7,27.73,26.94,0.79,2.9324,444479.28,1225098.941
300433.SZ,20250305,27.85,28.22,27.57,28.02,27.73,0.29,1.0458,260749.83,727468.66
300433.SZ,20250306,28.06,28.77,27.98,28.56,28.02,0.54,1.9272,416422.9,1183435.968
300433.SZ,20250307,28.5,29.99,28.11,29.02,28.56,0.46,1.6106,630051.72,1820052.979
300433.SZ,20250310,29.04,30.65,29.04,29.43,29.02,0.41,1.4128,673239.57,1999582.381
300433.SZ,20250311,29.1,29.45,28.1,28.62,29.43,-0.81,-2.7523,556137.18,1594599.262
300433.SZ,20250312,28.61,28.75,27.91,28.07,28.62,-0.55,-1.9217,444534.57,1253790.6
300433.SZ,20250313,28.1,28.13,25.6,25.78,28.07,-2.29,-8.1582,1136922.19,2985418.405
300433.SZ,20250314,25.76,26.64,25.55,26.43,25.78,0.65,2.5213,642906.8,1691130.093
300433.SZ,20250317,26.86,26.86,26.15,26.43,26.43,0.0,0.0,363298.95,958274.899
300433.SZ,20250318,26.49,26.67,26.05,26.14,26.43,-0.29,-1.0972,477486.13,1257834.295
300433.SZ,20250319,26.15,26.16,25.68,25.89,26.14,-0.25,-0.9564,349363.42,903567.018
300433.SZ,20250320,26.05,26.54,25.78,26.14,25.89,0.25,0.9656,399245.86,1048838.326
300433.SZ,20250321,25.94,26.02,24.95,25.14,26.14,-1.0,-3.8256,503083.65,1275703.714
300433.SZ,20250324,25.28,26.24,25.21,25.97,25.14,0.83,3.3015,487052.61,1259919.137
300433.SZ,20250325,26.16,26.62,25.83,25.92,25.97,-0.05,-0.1925,417794.45,1091000.481
300433.SZ,20250326,25.71,26.7,25.55,26.28,25.92,0.36,1.3889,432448.89,1138651.81
300433.SZ,20250327,26.0,26.16,25.66,25.86,26.28,-0.42,-1.5982,301482.42,780805.186
300433.SZ,20250328,25.79,25.79,25.01,25.61,25.86,-0.25,-0.9667,341739.05,869767.841
300433.SZ,20250331,25.5,25.6,25.01,25.33,25.61,-0.28,-1.0933,326508.59,824468.29
300433.SZ,20250401,25.45,25.5,24.64,24.64,25.33,-0.69,-2.724,366105.83,912682.546
300433.SZ,20250402,24.8,25.33,24.67,25.28,24.64,0.64,2.5974,294320.76,738599.162
300433.SZ,20250403,24.7,24.8,22.53,22.58,25.28,-2.7,-10.6804,1117533.37,2589225.446
300433.SZ,20250407,19.46,19.85,18.06,18.06,22.58,-4.52,-20.0177,1199525.1,2223969.317
300433.SZ,20250408,18.49,18.77,17.38,17.88,18.06,-0.18,-0.9967,1245057.12,2223110.05
300433.SZ,20250409,17.0,17.91,16.4,17.49,17.88,-0.39,-2.1812,1566675.82,2699304.627
300433.SZ,20250410,19.8,20.29,19.02,19.04,17.49,1.55,8.8622,1747447.61,3435619.233
300433.SZ,20250411,18.89,20.45,18.56,20.16,19.04,1.12,5.8824,1393483.41,2721150.197
300433.SZ,20250414,21.58,21.7,19.86,20.0,20.16,-0.16,-0.7937,1751807.7,3611585.792
300433.SZ,20250415,19.8,20.02,19.36,19.56,20.0,-0.44,-2.2,904327.15,1772425.459
300433.SZ,20250416,19.25,19.34,18.56,18.92,19.56,-0.64,-3.272,823705.19,1559616.004
300433.SZ,20250417,18.84,19.4,18.73,19.03,18.92,0.11,0.5814,525566.21,1006419.216
300433.SZ,20250418,18.98,19.97,18.98,19.87,19.03,0.84,4.4141,833907.19,1631109.103
300433.SZ,20250421,19.76,20.4,19.43,20.27,19.87,0.4,2.0131,858790.49,1715228.098
300433.SZ,20250422,20.27,20.27,19.55,19.57,20.27,-0.7,-3.4534,647524.47,1278091.568
300433.SZ,20250423,20.9,21.06,20.07,20.58,19.57,1.01,5.161,1300102.13,2674292.678
300433.SZ,20250424,20.58,20.65,20.18,20.35,20.58,-0.23,-1.1176,619156.18,1262398.848
300433.SZ,20250425,20.59,21.27,20.58,20.88,20.35,0.53,2.6044,808541.95,1696754.909
300433.SZ,20250428,20.89,20.95,20.38,20.58,20.88,-0.3,-1.4368,469716.63,967181.703
300433.SZ,20250429,20.44,20.71,20.2,20.32,20.58,-0.26,-1.2634,369518.97,753814.576
300433.SZ,20250430,20.45,20.98,20.3,20.81,20.32,0.49,2.4114,533994.84,1105910.608
300433.SZ,20250506,20.98,21.55,20.88,21.5,20.81,0.69,3.3157,661379.86,1404503.473
300433.SZ,20250507,22.03,22.25,20.85,21.15,21.5,-0.35,-1.6279,847790.1,1814434.487
300433.SZ,20250508,21.0,21.78,20.88,21.54,21.15,0.39,1.844,601676.18,1293374.98
300433.SZ,20250509,21.4,21.46,20.73,20.97,21.54,-0.57,-2.6462,559929.01,1174264.041
300433.SZ,20250512,21.79,22.99,21.77,22.99,20.97,2.02,9.6328,1361775.18,3050612.911
300433.SZ,20250513,23.6,23.8,22.33,22.55,22.99,-0.44,-1.9139,1295850.52,2964780.554
300433.SZ,20250514,22.39,22.47,21.82,22.24,22.55,-0.31,-1.3747,786852.74,1740652.529
300433.SZ,20250515,22.18,22.18,21.61,21.66,22.24,-0.58,-2.6079,520413.12,1137104.825
300433.SZ,20250516,21.6,22.29,21.45,21.93,21.66,0.27,1.2465,569990.44,1246007.62
300433.SZ,20250519,21.78,21.79,21.22,21.48,21.93,-0.45,-2.052,421663.65,903569.303
300433.SZ,20250520,21.42,21.74,21.16,21.57,21.48,0.09,0.419,342743.59,737832.904
300433.SZ,20250521,21.53,21.53,21.11,21.38,21.57,-0.19,-0.8809,348705.16,743408.337
300433.SZ,20250522,21.16,21.46,21.1,21.15,21.38,-0.23,-1.0758,266107.8,565328.722
300433.SZ,20250523,21.15,21.65,20.95,20.97,21.15,-0.18,-0.8511,367076.61,780629.343
300433.SZ,20250526,20.21,21.04,20.05,20.99,20.97,0.02,0.0954,434551.48,897234.533
300433.SZ,20250527,20.95,20.98,20.46,20.52,20.99,-0.47,-2.2392,291451.78,601695.647
300433.SZ,20250528,20.7,20.89,20.49,20.65,20.52,0.13,0.6335,233161.49,482071.468
300433.SZ,20250529,21.2,21.79,20.9,20.99,20.65,0.34,1.6465,513074.76,1090295.655
300433.SZ,20250530,20.69,20.75,20.15,20.27,20.99,-0.72,-3.4302,441485.91,896655.949
300433.SZ,20250603,20.0,20.39,19.89,20.11,20.27,-0.16,-0.7893,274336.96,555196.691
300433.SZ,20250604,20.27,20.62,20.26,20.55,20.11,0.44,2.188,320459.68,656522.259
300433.SZ,20250605,20.43,22.1,20.43,21.88,20.55,1.33,6.472,968389.03,2089084.332
300433.SZ,20250606,21.7,21.94,21.24,21.86,21.88,-0.02,-0.0914,446726.19,971174.116
300433.SZ,20250609,21.98,22.61,21.82,22.04,21.86,0.18,0.8234,579875.05,1286985.04
300433.SZ,20250610,22.02,22.12,21.32,21.57,22.04,-0.47,-2.1325,428511.6,928816.641
300433.SZ,20250611,21.61,22.05,21.49,21.6,21.57,0.03,0.1391,376644.0,817765.792
300433.SZ,20250612,21.4,21.88,21.39,21.53,21.6,-0.07,-0.3241,348405.0,751978.97
300433.SZ,20250613,21.4,21.54,20.86,21.07,21.53,-0.46,-2.1366,379781.98,801585.011
300433.SZ,20250616,20.95,21.99,20.86,21.63,21.07,0.56,2.6578,479258.86,1036647.165
300433.SZ,20250617,21.63,22.45,21.61,22.02,21.63,0.39,1.8031,613207.7,1355439.79
300433.SZ,20250618,21.6,22.11,21.45,22.03,21.62,0.41,1.8964,559033.04,1221482.681
300433.SZ,20250619,21.88,22.44,21.51,21.63,22.03,-0.4,-1.8157,410575.04,899373.019
300433.SZ,20250620,21.63,21.92,21.21,21.38,21.63,-0.25,-1.1558,296525.94,636100.121
300433.SZ,20250623,21.25,21.6,21.08,21.2,21.38,-0.18,-0.8419,372874.75,792877.636
300433.SZ,20250624,21.32,21.92,21.3,21.9,21.2,0.7,3.3019,556637.45,1206224.207
300433.SZ,20250625,22.29,22.29,21.59,22.05,21.9,0.15,0.6849,681795.38,1496929.921
300433.SZ,20250626,22.0,22.27,21.59,21.6,22.05,-0.45,-2.0408,598921.25,1309949.655
300433.SZ,20250627,21.86,22.58,21.43,22.06,21.6,0.46,2.1296,770238.82,1700786.359
300433.SZ,20250630,21.97,22.44,21.91,22.3,22.06,0.24,1.0879,652806.87,1446269.315
300433.SZ,20250701,22.32,22.5,21.83,22.27,22.3,-0.03,-0.1345,523696.53,1159239.663
300433.SZ,20250702,22.27,22.32,21.66,21.75,22.27,-0.52,-2.335,410993.54,899148.853
300433.SZ,20250703,21.9,24.75,21.9,24.23,21.75,2.48,11.4023,1820552.47,4257709.971
300433.SZ,20250704,23.91,23.99,23.38,23.74,24.23,-0.49,-2.0223,909389.44,2152319.49
300433.SZ,20250707,23.68,23.68,22.78,22.92,23.74,-0.82,-3.4541,617506.63,1419985.525
300433.SZ,20250708,22.88,23.67,22.88,23.33,22.92,0.41,1.7888,729111.62,1704596.549
300433.SZ,20250709,23.5,23.75,22.62,22.69,23.33,-0.64,-2.7432,773305.89,1772259.328
300433.SZ,20250710,22.66,22.79,22.45,22.49,22.69,-0.2,-0.8814,469923.05,1060237.166
300433.SZ,20250711,22.5,22.82,22.28,22.69,22.49,0.2,0.8893,548343.44,1240496.02
300433.SZ,20250714,22.75,23.36,22.42,23.26,22.69,0.57,2.5121,651406.58,1496523.49
300433.SZ,20250715,23.3,23.38,22.81,23.2,23.26,-0.06,-0.258,545419.89,1259090.971
300433.SZ,20250716,23.2,23.69,22.91,23.04,23.2,-0.16,-0.6897,617247.01,1441103.303
300433.SZ,20250717,23.04,24.3,22.91,24.12,23.04,1.08,4.6875,961534.62,2299560.87
300433.SZ,20250718,24.09,24.15,23.57,23.64,24.12,-0.48,-1.99,601324.98,1431120.256
300433.SZ,20250721,23.79,24.05,23.46,24.04,23.64,0.4,1.692,507209.27,1208070.349
300433.SZ,20250722,24.08,24.1,23.59,23.94,24.04,-0.1,-0.416,485987.81,1158171.634
300433.SZ,20250723,23.8,24.2,23.5,23.57,23.94,-0.37,-1.5455,487631.76,1162595.373
300433.SZ,20250724,23.67,23.79,23.32,23.78,23.57,0.21,0.891,579416.18,1359985.768
300433.SZ,20250725,23.65,23.86,23.51,23.62,23.78,-0.16,-0.6728,385906.3,911451.396
300433.SZ,20250728,23.78,23.79,23.29,23.42,23.62,-0.2,-0.8467,478458.44,1120898.812
300433.SZ,20250729,23.3,23.4,22.75,23.24,23.42,-0.18,-0.7686,537597.51,1239371.531
300433.SZ,20250730,23.13,23.23,22.71,22.78,23.24,-0.46,-1.9793,587637.52,1345655.426
300433.SZ,20250731,22.63,23.2,22.63,22.81,22.78,0.03,0.1317,504462.15,1153984.398
300433.SZ,20250801,22.68,23.01,22.24,22.38,22.81,-0.43,-1.8851,438462.45,989747.485
300433.SZ,20250804,22.11,22.39,22.05,22.39,22.38,0.01,0.0447,302677.03,672585.807
300433.SZ,20250805,23.12,23.45,22.85,22.88,22.39,0.49,2.1885,663031.29,1533087.425
300433.SZ,20250806,22.85,23.65,22.65,23.24,22.88,0.36,1.5734,651177.71,1504524.831
300433.SZ,20250807,24.28,25.2,23.44,23.49,23.24,0.25,1.0757,1466049.7,3571113.754
300433.SZ,20250808,23.32,23.49,22.81,22.88,23.49,-0.61,-2.5968,718265.26,1655351.43
300433.SZ,20250811,23.05,24.67,22.95,24.26,22.88,1.38,6.0315,1411349.72,3412322.259
300433.SZ,20250812,24.14,24.35,23.95,24.09,24.26,-0.17,-0.7007,616561.53,1487289.554
300433.SZ,20250813,24.35,24.6,24.0,24.4,24.09,0.31,1.2868,805518.37,1957752.558
300433.SZ,20250814,24.41,25.0,24.26,24.52,24.4,0.12,0.4918,1017833.95,2502424.181
300433.SZ,20250815,24.3,25.09,24.2,24.62,24.52,0.1,0.4078,763678.85,1878515.373
300433.SZ,20250818,24.85,26.0,24.71,25.77,24.62,1.15,4.671,1187363.55,3031863.173
300433.SZ,20250819,25.7,25.98,25.13,25.62,25.77,-0.15,-0.5821,764108.72,1949057.576
300433.SZ,20250820,25.58,27.84,25.36,27.01,25.62,1.39,5.4254,1338543.18,3578676.833
300433.SZ,20250821,27.18,29.99,27.02,28.34,27.01,1.33,4.9241,1660582.86,4682843.506
300433.SZ,20250822,28.0,29.35,27.76,29.14,28.34,0.8,2.8229,1356512.48,3846570.941
300433.SZ,20250825,29.33,29.55,28.25,29.1,29.14,-0.04,-0.1373,1186301.43,3434634.947
300433.SZ,20250826,28.7,32.01,28.5,30.3,29.1,1.2,4.1237,1673126.83,5046960.574
300433.SZ,20250827,31.11,33.0,30.65,31.4,30.3,1.1,3.6304,2076395.62,6588992.82
300433.SZ,20250828,30.7,31.95,30.07,31.82,31.4,0.42,1.3376,1543859.94,4755091.617
300433.SZ,20250829,31.67,32.0,30.61,31.11,31.82,-0.71,-2.2313,1155024.73,3601822.609
300433.SZ,20250901,31.07,32.62,30.36,32.34,31.11,1.23,3.9537,1441375.93,4549487.505
300433.SZ,20250902,32.35,32.36,29.5,30.03,32.34,-2.31,-7.1429,1483277.81,4531615.935
300433.SZ,20250903,30.42,30.78,29.62,29.83,30.03,-0.2,-0.666,921783.56,2785224.209
300433.SZ,20250904,30.3,32.07,29.75,30.2,29.83,0.37,1.2404,1508383.99,4666153.402
300433.SZ,20250905,30.19,31.44,29.42,31.4,30.2,1.2,3.9735,1200002.95,3690784.988
300433.SZ,20250908,31.99,34.05,31.7,33.0,31.4,1.6,5.0955,1704116.33,5571590.909
300433.SZ,20250909,32.0,32.0,29.81,29.83,33.0,-3.17,-9.6061,1529209.43,4692903.247
300433.SZ,20250910,29.49,30.3,29.0,29.55,29.83,-0.28,-0.9387,1044187.43,3088509.251
300433.SZ,20250911,29.15,30.21,28.2,30.11,29.55,0.56,1.8951,1630916.71,4768190.939
300433.SZ,20250912,30.09,30.13,29.25,29.49,30.11,-0.62,-2.0591,1089299.15,3230152.518
300433.SZ,20250915,29.77,31.3,29.77,30.37,29.49,0.88,2.9841,1259325.38,3838512.651
300433.SZ,20250916,30.07,30.42,29.6,30.3,30.37,-0.07,-0.2305,737724.08,2217743.621
300433.SZ,20250917,30.49,32.5,30.14,32.1,30.3,1.8,5.9406,1662470.66,5219432.506
300433.SZ,20250918,31.95,32.9,30.8,31.41,32.1,-0.69,-2.1495,1593328.35,5070893.613
300433.SZ,20250919,31.39,31.9,30.51,30.51,31.41,-0.9,-2.8653,977927.26,3045778.898
300433.SZ,20250922,31.6,33.18,31.56,33.05,30.51,2.54,8.3251,1895919.79,6169852.668
300433.SZ,20250923,33.19,33.26,31.3,32.09,33.05,-0.96,-2.9047,1405932.36,4529335.403
300433.SZ,20250924,31.6,33.54,31.18,33.32,32.09,1.23,3.833,1218284.04,3956950.988
300433.SZ,20250925,33.32,34.95,33.01,33.62,33.32,0.3,0.9004,1367406.62,4640011.092
300433.SZ,20250926,33.65,33.88,31.8,31.98,33.62,-1.64,-4.878,1035151.57,3354676.956
300433.SZ,20250929,31.65,33.08,31.38,32.6,31.98,0.62,1.9387,940875.64,3044954.747
300433.SZ,20250930,32.63,33.8,32.4,33.48,32.6,0.88,2.6994,940625.37,3117590.296
300433.SZ,20251009,33.5,34.88,33.0,33.87,33.48,0.39,1.1649,1076658.26,3687799.725
300433.SZ,20251010,33.5,34.4,31.61,31.9,33.87,-1.97,-5.8164,899127.74,2922110.545
300433.SZ,20251013,29.08,30.5,29.08,30.23,31.9,-1.67,-5.2351,911026.35,2727204.222
300433.SZ,20251014,30.7,31.17,29.0,29.29,30.23,-0.94,-3.1095,665980.38,1997591.433
300433.SZ,20251015,29.28,29.67,28.54,29.44,29.29,0.15,0.5121,664232.42,1933790.138
300433.SZ,20251016,29.3,29.8,28.29,28.59,29.44,-0.85,-2.8872,787407.52,2277331.681
300433.SZ,20251017,28.49,28.64,27.2,27.35,28.59,-1.24,-4.3372,666224.94,1847489.878
300433.SZ,20251020,27.91,28.07,27.25,27.53,27.35,0.18,0.6581,538805.07,1491644.978
300433.SZ,20251021,28.2,29.65,28.2,28.93,27.53,1.4,5.0854,1213976.94,3520977.522
300433.SZ,20251022,28.68,30.1,28.5,29.45,28.93,0.52,1.7974,787399.96,2310159.688
300433.SZ,20251023,28.92,29.1,28.51,28.93,29.45,-0.52,-1.7657,473792.71,1362537.251
300433.SZ,20251024,29.2,30.0,28.99,29.77,28.93,0.84,2.9036,746046.19,2208902.298
300433.SZ,20251027,30.41,30.7,29.37,29.88,29.77,0.11,0.3695,814420.41,2436179.686
300433.SZ,20251028,29.72,30.0,29.37,29.68,29.78,-0.1,-0.3358,540336.2,1605283.301
300433.SZ,20251029,30.0,31.0,29.97,30.85,29.68,1.17,3.942,857491.12,2616683.259
300433.SZ,20251030,30.89,30.89,29.68,29.73,30.85,-1.12,-3.6305,688140.22,2068203.447
300433.SZ,20251031,30.0,30.35,29.37,29.43,29.73,-0.3,-1.0091,689782.42,2052664.544
300433.SZ,20251103,29.35,29.96,28.71,29.57,29.43,0.14,0.4757,496234.12,1459626.074
300433.SZ,20251104,29.85,29.85,28.1,28.59,29.57,-0.98,-3.3142,554209.33,1586899.05
300433.SZ,20251105,27.8,28.73,27.72,28.53,28.59,-0.06,-0.2099,382840.7,1081454.127
300433.SZ,20251106,28.63,32.02,28.53,31.27,28.53,2.74,9.6039,1499882.77,4596173.04
300433.SZ,20251107,31.31,32.22,30.95,31.12,31.27,-0.15,-0.4797,1308604.26,4110478.223
300433.SZ,20251110,31.05,31.2,29.15,29.85,31.12,-1.27,-4.081,1138927.31,3396417.542
300433.SZ,20251111,29.94,30.0,28.77,28.8,29.85,-1.05,-3.5176,726250.93,2126684.684
300433.SZ,20251112,28.8,30.18,28.7,29.83,28.8,1.03,3.5764,935097.27,2775885.799
300433.SZ,20251113,29.57,29.86,28.96,29.16,29.83,-0.67,-2.2461,632250.86,1849423.801
300433.SZ,20251114,28.8,28.82,27.88,27.9,29.16,-1.26,-4.321,687232.78,1938479.609
300433.SZ,20251117,27.66,28.05,26.85,27.23,27.9,-0.67,-2.4014,750457.99,2049119.8
300433.SZ,20251118,27.14,27.28,26.66,26.98,27.23,-0.25,-0.9181,514657.76,1389096.029
300433.SZ,20251119,27.06,27.17,26.42,26.55,26.98,-0.43,-1.5938,442628.71,1181074.395
300433.SZ,20251120,26.89,27.01,26.51,26.57,26.55,0.02,0.0753,326808.2,874084.032
300433.SZ,20251121,26.5,26.79,25.85,26.24,26.57,-0.33,-1.242,573384.82,1505571.252
300433.SZ,20251124,26.63,26.77,26.05,26.5,26.24,0.26,0.9909,501257.67,1321821.48
300433.SZ,20251125,26.77,27.7,26.62,27.14,26.5,0.64,2.4151,670359.01,1828363.863
300433.SZ,20251126,27.15,27.97,26.8,27.47,27.14,0.33,1.2159,668751.15,1839909.515
300433.SZ,20251127,27.7,28.08,27.09,27.18,27.47,-0.29,-1.0557,556130.99,1534341.96
300433.SZ,20251128,27.18,27.75,27.0,27.5,27.18,0.32,1.1773,553566.96,1519996.068
300433.SZ,20251201,27.66,29.15,27.48,28.66,27.5,1.16,4.2182,1056212.87,3006192.749
300433.SZ,20251202,29.37,29.77,28.68,28.97,28.66,0.31,1.0816,1095022.23,3198434.394
300433.SZ,20251203,28.98,28.99,28.09,28.22,28.97,-0.75,-2.5889,654593.52,1861535.029
300433.SZ,20251204,28.89,28.99,27.83,28.32,28.22,0.1,0.3544,561834.8,1593668.454
300433.SZ,20251205,28.3,29.33,28.13,28.86,28.32,0.54,1.9068,646709.22,1858172.811
300433.SZ,20251208,29.13,29.57,28.37,29.38,28.86,0.52,1.8018,813226.51,2377315.647
300433.SZ,20251209,29.22,29.65,29.01,29.26,29.38,-0.12,-0.4084,519217.04,1520263.008
300433.SZ,20251210,29.11,29.23,28.35,28.9,29.26,-0.36,-1.2303,513875.08,1472248.736
300433.SZ,20251211,31.0,32.78,30.63,30.65,28.9,1.75,6.0554,2547875.44,8014634.868
300433.SZ,20251212,30.26,30.4,29.03,30.0,30.65,-0.65,-2.1207,1669346.52,4956509.998
300433.SZ,20251215,29.31,29.82,28.95,29.0,30.0,-1.0,-3.3333,765585.01,2238513.228
300433.SZ,20251216,28.88,29.24,28.58,28.79,29.0,-0.21,-0.7241,604849.98,1746079.615
300433.SZ,20251217,28.8,29.87,28.8,29.65,28.79,0.86,2.9871,824692.68,2432375.902
300433.SZ,20251218,29.14,29.36,28.57,28.59,29.65,-1.06,-3.575,667989.85,1933026.679
300433.SZ,20251219,28.81,29.0,28.6,28.71,28.59,0.12,0.4197,439855.32,1266843.595
300433.SZ,20251222,28.95,29.2,28.65,28.88,28.71,0.17,0.5921,604973.67,1746950.312
300433.SZ,20251223,28.82,28.85,28.28,28.44,28.88,-0.44,-1.5235,646887.21,1841376.578
300433.SZ,20251224,28.43,29.14,28.39,28.98,28.44,0.54,1.8987,634176.25,1829685.519
300433.SZ,20251225,28.8,29.47,28.48,29.22,28.98,0.24,0.8282,762255.45,2213905.791
300433.SZ,20251226,29.0,29.04,28.5,28.71,29.22,-0.51,-1.7454,599972.0,1725198.938
300433.SZ,20251229,28.66,28.93,28.38,28.5,28.71,-0.21,-0.7315,512671.65,1465249.635
300433.SZ,20251230,28.33,29.79,27.92,29.66,28.5,1.16,4.0702,1267810.31,3714323.382
300433.SZ,20251231,30.05,30.45,29.5,30.27,29.66,0.61,2.0566,1129477.94,3396639.36
300433.SZ,20260105,30.66,33.9,30.65,32.04,30.27,1.77,5.8474,2035967.23,6597867.571
300433.SZ,20260106,32.76,35.0,31.8,33.93,32.04,1.89,5.8989,2112111.5,7013422.72
300433.SZ,20260107,34.3,34.68,33.05,34.01,33.93,0.08,0.2358,1841163.39,6213640.429
300433.SZ,20260108,33.5,35.19,32.6,33.9,34.01,-0.11,-0.3234,1983753.82,6678808.407
300433.SZ,20260109,33.7,40.05,33.4,38.69,33.9,4.79,14.1298,3066678.18,11443175.121
300433.SZ,20260112,40.51,43.44,40.14,42.66,38.69,3.97,10.261,2876984.83,12012145.258
300433.SZ,20260113,42.39,42.39,38.86,39.18,42.66,-3.48,-8.1575,2680319.84,10746662.432
300433.SZ,20260114,39.55,40.37,37.99,38.37,39.18,-0.81,-2.0674,2020002.32,7904406.683
300433.SZ,20260115,39.0,39.85,37.9,38.41,38.37,0.04,0.1042,1451495.41,5599819.074
300433.SZ,20260116,38.6,40.12,38.5,39.22,38.41,0.81,2.1088,1641301.72,6464938.811
300433.SZ,20260119,39.0,40.95,38.45,39.71,39.22,0.49,1.2494,1319691.27,5278393.898
300433.SZ,20260120,39.8,40.38,37.73,38.38,39.71,-1.33,-3.3493,1237616.08,4799917.635
300433.SZ,20260121,37.95,38.73,37.65,37.75,38.38,-0.63,-1.6415,1021956.52,3890364.559
300433.SZ,20260122,37.8,38.07,36.74,37.06,37.75,-0.69,-1.8278,1240260.42,4598616.333
300433.SZ,20260123,37.15,42.6,37.15,42.6,37.06,5.54,14.9487,2723547.5,11011772.299
300433.SZ,20260126,42.1,42.1,38.35,38.93,42.6,-3.67,-8.615,2051320.23,8127841.544
300433.SZ,20260127,38.55,39.25,38.35,38.72,38.93,-0.21,-0.5394,969350.24,3759941.412
300433.SZ,20260128,38.99,39.25,37.61,37.92,38.72,-0.8,-2.0661,915717.42,3496796.88
300433.SZ,20260129,38.05,39.3,37.36,37.54,37.92,-0.38,-1.0021,1094394.4,4190503.877
300433.SZ,20260130,37.0,37.0,35.3,36.35,37.54,-1.19,-3.17,1107467.98,4004256.706
300433.SZ,20260202,36.02,37.15,35.63,35.8,36.35,-0.55,-1.5131,714855.84,2603158.853
300433.SZ,20260203,36.4,37.68,35.97,37.36,35.8,1.56,4.3575,1003697.77,3705251.619
300433.SZ,20260204,37.1,37.58,36.25,36.96,37.36,-0.4,-1.0707,700990.8,2586982.143
300433.SZ,20260205,36.51,36.51,35.13,35.44,36.96,-1.52,-4.1126,698875.29,2487916.252
300433.SZ,20260206,35.0,36.07,34.59,35.2,35.44,-0.24,-0.6772,563247.35,1998712.02
300433.SZ,20260209,36.0,36.06,35.16,35.36,35.2,0.16,0.4545,618581.17,2194383.479
300433.SZ,20260210,35.22,35.6,34.98,35.1,35.36,-0.26,-0.7353,478053.97,1682336.881
300433.SZ,20260211,34.95,35.22,34.4,34.49,35.1,-0.61,-1.7379,561674.69,1950305.673
300433.SZ,20260212,34.49,34.99,34.4,34.77,34.49,0.28,0.8118,490881.35,1703770.621
300433.SZ,20260213,34.54,34.84,34.28,34.29,34.77,-0.48,-1.3805,428162.18,1477984.727
300433.SZ,20260224,34.73,34.84,34.06,34.34,34.29,0.05,0.1458,487268.23,1678066.658
300433.SZ,20260225,34.29,34.94,33.93,34.68,34.34,0.34,0.9901,661179.31,2274865.035
300433.SZ,20260226,34.98,35.91,34.88,35.53,34.68,0.85,2.451,991257.83,3522736.807
300433.SZ,20260227,35.28,35.42,34.58,35.17,35.53,-0.36,-1.0132,599776.83,2097023.229
300433.SZ,20260302,34.13,34.8,33.61,33.95,35.17,-1.22,-3.4689,903302.01,3077006.84
300433.SZ,20260303,33.93,34.22,32.38,32.51,33.95,-1.44,-4.2415,789444.57,2605366.195
300433.SZ,20260304,32.07,32.75,31.66,32.06,32.51,-0.45,-1.3842,610587.93,1962578.877
300433.SZ,20260305,32.7,32.95,32.15,32.39,32.06,0.33,1.0293,475695.47,1549319.305
300433.SZ,20260306,32.22,32.58,31.95,32.41,32.39,0.02,0.0617,409327.1,1322512.39
300433.SZ,20260309,31.7,31.7,30.6,31.45,32.41,-0.96,-2.962,617819.8,1920118.541
300433.SZ,20260310,32.01,32.87,32.0,32.56,31.45,1.11,3.5294,580494.74,1886581.822
300433.SZ,20260311,32.44,33.29,32.36,32.49,32.56,-0.07,-0.215,544582.27,1785574.272
300433.SZ,20260312,32.33,32.79,31.72,32.02,32.49,-0.47,-1.4466,451198.69,1450033.901
300433.SZ,20260313,31.8,32.03,31.43,31.51,32.02,-0.51,-1.5928,360302.43,1142604.465
300433.SZ,20260316,31.5,31.63,30.63,31.19,31.51,-0.32,-1.0156,398318.4,1232266.516
300433.SZ,20260317,31.5,31.77,30.52,30.56,31.19,-0.63,-2.0199,441544.47,1376184.807
300433.SZ,20260318,30.78,30.87,30.18,30.63,30.56,0.07,0.2291,392729.45,1197080.614
300433.SZ,20260319,30.12,30.21,29.54,29.73,30.63,-0.9,-2.9383,510770.05,1526194.011
300433.SZ,20260320,29.9,30.18,29.32,29.35,29.73,-0.38,-1.2782,431161.37,1284846.186
300433.SZ,20260323,28.8,28.98,27.6,27.88,29.35,-1.47,-5.0085,688093.53,1943771.551
300433.SZ,20260324,28.38,28.5,27.26,28.0,27.88,0.12,0.4304,461653.08,1280448.548
300433.SZ,20260325,28.3,29.8,28.3,29.4,28.0,1.4,5.0,762029.6,2225349.948
300433.SZ,20260326,29.42,30.1,28.84,28.95,29.4,-0.45,-1.5306,610508.83,1797090.833
300433.SZ,20260327,28.51,29.11,28.28,28.7,28.95,-0.25,-0.8636,423582.55,1216261.48
300433.SZ,20260330,28.16,28.35,27.67,28.3,28.7,-0.4,-1.3937,492467.05,1380187.065
300433.SZ,20260331,28.31,28.91,27.97,27.98,28.3,-0.32,-1.1307,479031.86,1357073.581
300433.SZ,20260401,28.74,29.26,28.37,28.62,27.98,0.64,2.2873,582476.81,1669591.711
300433.SZ,20260402,28.4,28.49,27.12,27.48,28.62,-1.14,-3.9832,527484.56,1464810.377
300433.SZ,20260403,27.7,28.65,27.15,27.92,27.48,0.44,1.6012,587527.66,1634765.238
300433.SZ,20260407,28.6,29.19,28.06,28.29,27.92,0.37,1.3252,682235.95,1951417.076
300433.SZ,20260408,28.97,29.97,28.8,29.97,28.29,1.68,5.9385,1086301.91,3196385.28
300433.SZ,20260409,29.31,30.19,29.02,29.67,29.97,-0.3,-1.001,776954.88,2301102.383
300433.SZ,20260410,30.07,30.79,29.83,30.13,29.67,0.46,1.5504,918776.73,2788042.58
300433.SZ,20260413,29.75,30.13,29.45,29.71,30.13,-0.42,-1.394,763048.63,2269154.88
300433.SZ,20260414,30.07,30.5,29.76,30.15,29.71,0.44,1.481,776606.37,2337680.487
300433.SZ,20260415,30.4,30.52,29.36,29.59,30.15,-0.56,-1.8574,807023.33,2407158.029
300433.SZ,20260416,26.99,27.18,24.94,25.64,29.59,-3.95,-13.3491,2448675.29,6279799.24
300433.SZ,20260417,25.46,26.5,25.31,25.99,25.64,0.35,1.3651,1407540.53,3631589.256
300433.SZ,20260420,26.88,27.81,26.88,27.2,25.99,1.21,4.6556,1571331.2,4274074.651
300433.SZ,20260421,27.06,27.1,26.32,26.84,27.2,-0.36,-1.3235,877208.54,2338066.252
300433.SZ,20260422,26.6,27.34,26.57,27.25,26.84,0.41,1.5276,843335.51,2291127.425
300433.SZ,20260423,27.2,27.32,26.4,26.6,27.25,-0.65,-2.3853,729269.28,1951652.906
300433.SZ,20260424,26.44,26.65,25.6,25.96,26.6,-0.64,-2.406,589932.34,1536107.663
300433.SZ,20260427,25.93,26.92,25.89,26.71,25.96,0.75,2.8891,707391.51,1876260.828
300433.SZ,20260428,26.5,26.56,25.5,25.62,26.71,-1.09,-4.0809,726295.04,1875798.045
300433.SZ,20260429,25.37,25.91,25.3,25.82,25.62,0.2,0.7806,528026.0,1357760.74
300433.SZ,20260430,25.72,25.85,25.34,25.69,25.82,-0.13,-0.5035,499004.25,1279635.621
300433.SZ,20260506,25.9,26.88,25.9,26.62,25.69,0.93,3.6201,902710.86,2397987.425
300433.SZ,20260507,26.99,27.8,26.61,27.62,26.62,1.0,3.7566,971374.65,2662921.959
300433.SZ,20260508,27.4,28.75,27.16,28.55,27.62,0.93,3.3671,1230763.43,3473797.188
300433.SZ,20260511,28.86,31.16,28.66,30.82,28.55,2.27,7.951,1869653.38,5575778.142
300433.SZ,20260512,30.25,30.65,29.69,30.48,30.82,-0.34,-1.1032,1292717.82,3904134.252
300433.SZ,20260513,30.09,33.14,29.89,32.69,30.48,2.21,7.2507,1810126.6,5769478.261
300433.SZ,20260514,32.7,33.5,31.6,32.31,32.69,-0.38,-1.1624,1767367.22,5739099.38
300433.SZ,20260515,34.0,35.0,33.16,34.21,32.31,1.9,5.8805,2626004.07,8942871.967
300433.SZ,20260518,35.35,40.5,34.4,38.7,34.21,4.49,13.1248,3221783.48,12021222.953
300433.SZ,20260519,38.0,39.42,37.01,37.96,38.7,-0.74,-1.9121,2399763.56,9176450.373
300433.SZ,20260520,37.2,37.48,36.1,36.31,37.96,-1.65,-4.3467,1909340.34,6972527.093
300433.SZ,20260521,36.99,38.12,35.75,36.51,36.31,0.2,0.5508,2363900.82,8738735.65
300433.SZ,20260522,35.86,38.55,35.26,38.4,36.51,1.89,5.1767,2220879.83,8235808.884
300433.SZ,20260525,38.6,40.47,38.6,39.52,38.4,1.12,2.9167,2199452.76,8700604.12
300433.SZ,20260526,39.01,39.36,37.4,38.48,39.52,-1.04,-2.6316,1572083.96,6018157.638
300433.SZ,20260527,38.1,41.0,37.45,40.28,38.48,1.8,4.6778,2163896.46,8463095.933
300433.SZ,20260528,39.8,41.7,39.5,40.23,40.28,-0.05,-0.1241,1918413.03,7809136.038
300433.SZ,20260529,39.9,41.3,38.13,40.5,40.23,0.27,0.6711,1979246.78,7877630.377
300433.SZ,20260601,40.71,42.88,39.9,41.83,40.5,1.33,3.284,2159001.8,9015170.295
300433.SZ,20260602,41.68,43.0,40.3,41.23,41.83,-0.6,-1.4344,1730262.52,7225102.605
300433.SZ,20260603,41.1,46.8,40.29,44.39,41.23,3.16,7.6643,2858563.22,12559861.238
300433.SZ,20260604,44.03,45.17,43.05,43.64,44.39,-0.75,-1.6896,1779391.17,7822104.61
300433.SZ,20260605,43.11,47.79,41.99,45.61,43.64,1.97,4.5142,2301436.29,10299055.682
300433.SZ,20260608,43.2,45.4,42.57,42.64,45.61,-2.97,-6.5117,1984134.57,8713719.512
300433.SZ,20260609,43.41,45.24,40.76,44.78,42.64,2.14,5.0188,2089710.89,9040476.95359
300433.SZ,20260610,43.52,43.8,40.8,42.11,44.78,-2.67,-5.9625,1800966.51,7634727.14115
300433.SZ,20260611,41.18,42.93,40.62,42.68,42.11,0.57,1.3536,1391332.02,5779372.64961
300433.SZ,20260612,44.0,47.55,41.13,41.14,42.68,-1.54,-3.6082,2312563.68,10273850.6612
300433.SZ,20260615,43.1,46.46,42.18,45.98,41.14,4.84,11.7647,2320500.22,10374475.8003
300433.SZ,20260616,45.33,50.6,45.3,48.35,45.98,2.37,5.1544,2406559.89,11697048.3069
300433.SZ,20260617,47.8,51.65,47.8,51.21,48.35,2.86,5.9152,1970201.1,9939845.75832
300433.SZ,20260618,51.24,58.01,51.24,55.77,51.21,4.56,8.9045,2160357.89,11936598.8295
300433.SZ,20260622,56.89,57.1,53.4,53.81,55.77,-1.96,-3.5144,2496355.56,13713073.2374
300433.SZ,20260623,53.8,56.25,52.51,53.32,53.81,-0.49,-0.9106,1903093.3,10301230.2393
300433.SZ,20260624,52.26,53.96,50.39,52.92,53.32,-0.4,-0.7502,1746077.43,9099378.34856
300433.SZ,20260625,53.86,58.5,52.82,55.72,52.92,2.8,5.291,2142999.38,12035081.4123
300433.SZ,20260626,54.32,57.48,53.0,55.59,55.72,-0.13,-0.2333,1857354.47,10337807.5452
300433.SZ,20260629,56.58,57.0,50.4,51.83,55.59,-3.76,-6.7638,1950389.58,10291544.0951
300433.SZ,20260630,52.0,54.8,49.69,53.66,51.83,1.83,3.5308,1662137.39,8751338.07212
300433.SZ,20260701,53.8,56.41,52.68,53.42,53.66,-0.24,-0.4473,1550203.02,8439058.77533
300433.SZ,20260702,51.3,54.55,49.78,50.69,53.42,-2.73,-5.1104,1427951.57,7444093.49464
300433.SZ,20260703,51.21,53.38,50.0,52.42,50.69,1.73,3.4129,1329898.48,6934764.50561
300433.SZ,20260706,51.3,53.28,50.08,51.31,51.97,-0.66,-1.27,1102384.21,5695024.79077
300433.SZ,20260707,51.37,53.2,50.7,51.85,51.31,0.54,1.0524,1226271.95,6376705.99185
300433.SZ,20260708,51.07,51.34,45.06,46.05,51.85,-5.8,-11.1861,1871542.18,8928771.36306
300433.SZ,20260709,46.35,46.89,43.63,46.73,46.05,0.68,1.4767,1785474.02,8066293.76513
300433.SZ,20260710,46.33,47.12,43.6,43.64,46.73,-3.09,-6.6125,1474419.66,6702278.39092
300433.SZ,20260713,42.85,43.32,39.49,39.53,43.64,-4.11,-9.418,1359928.3,5589100.78432
300433.SZ,20260714,39.59,40.82,38.12,40.32,39.53,0.79,1.9985,1109720.0,4391561.0318
300433.SZ,20260715,40.38,40.7,38.72,38.81,40.32,-1.51,-3.745,742339.45,2943738.28217
300433.SZ,20260716,39.0,40.92,37.72,38.3,38.81,-0.51,-1.3141,1113316.81,4376001.78484
300433.SZ,20260717,38.2,38.39,33.83,34.24,38.3,-4.06,-10.6005,1493725.4,5310461.40099
