ts_code,trade_date,open,high,low,close,pre_close,change,pct_chg,vol,amount,rsi,dif,dea,macd,boll_upper,boll_mid,boll_lower,k,d,j
002594.SZ,20250704,332.55,334.99,329.77,331.0,334.56,-3.56,-1.0641,104103.55,3454495.463,,0.0,0.0,0.0,,,,50.0,50.0,50.0
002594.SZ,20250707,329.2,330.49,328.44,328.59,331.0,-2.41,-0.7281,88207.72,2901015.557,,-0.1922507122506545,-0.0384501424501309,-0.3076011396010472,,,,50.0,50.0,50.0
002594.SZ,20250708,327.0,329.78,325.72,326.88,328.59,-1.71,-0.5204,116918.14,3825413.668,,-0.47709385475764066,-0.12617888491163284,-0.7018299396920156,,,,50.0,50.0,50.0
002594.SZ,20250709,326.9,328.21,325.78,325.8,326.88,-1.08,-0.3304,121633.11,3969384.13,,-0.7809784381490203,-0.25713879555911034,-1.04767928517982,,,,50.0,50.0,50.0
002594.SZ,20250710,325.81,326.09,318.85,321.23,325.8,-4.57,-1.4027,210022.06,6741345.468,,-1.3747230155850048,-0.48065563956428925,-1.788134752041431,,,,50.0,50.0,50.0
002594.SZ,20250711,319.9,326.85,319.02,323.91,321.23,2.68,0.8343,168269.83,5456832.018,,-1.6104519806350481,-0.706614907778441,-1.8076741457132142,,,,50.0,50.0,50.0
002594.SZ,20250714,323.91,323.91,317.56,318.49,323.91,-5.42,-1.6733,172309.14,5502331.854,,-2.209151859456199,-1.0071222981139927,-2.4040591226844126,,,,50.0,50.0,50.0
002594.SZ,20250715,318.2,325.0,318.0,323.05,318.49,4.56,1.4318,162790.94,5252631.322,,-2.2892825125558716,-1.2635543410023684,-2.0514563431070063,,,,50.0,50.0,50.0
002594.SZ,20250716,323.06,325.91,323.06,323.72,323.05,0.67,0.2074,110758.35,3594544.238,,-2.2725269557244587,-1.4653488639467864,-1.6143561835553446,,,,45.113788487282505,48.371262829094164,38.59883980365919
002594.SZ,20250717,325.0,328.72,324.1,328.02,323.72,4.3,1.3283,156891.35,5138610.961,,-1.890481696603274,-1.5503754304780841,-0.6802125322503798,,,,57.04157180410216,51.2613658207635,68.6019837707795
002594.SZ,20250718,329.13,329.5,325.25,329.11,328.02,1.09,0.3323,136866.49,4482466.755,,-1.4826629699801401,-1.5368329383784953,0.10833993679671039,,,,69.53344285030717,57.35205816394472,93.89621222303208
002594.SZ,20250721,327.99,334.12,327.26,334.12,329.11,5.01,1.5223,153945.03,5102459.146,,-0.7465923098624785,-1.378784812675292,1.264385005625627,,,,79.68896190020479,64.79769274269808,109.47150021521821
002594.SZ,20250722,335.0,342.01,333.21,341.69,334.12,7.57,2.2657,214164.17,7227731.007,,0.44248404561267307,-1.0145310410176989,2.914030173260744,,,,86.02304344812562,71.87280964450726,114.32351105536233
002594.SZ,20250723,342.09,343.0,337.0,338.07,341.69,-3.62,-1.0594,158907.35,5395840.274,,1.0802790928298691,-0.5955690142481853,3.351696214156109,,,,84.22238535954705,75.98933488285385,100.68848631293343
002594.SZ,20250724,338.08,346.54,337.63,342.72,338.07,4.65,1.3755,189063.27,6489370.096,50.97216998639748,1.9386053652327746,-0.08873413835199334,4.054679007169536,,,,85.08775541108061,79.0221417255961,97.21898278204964
002594.SZ,20250725,341.0,341.4,335.0,337.93,342.72,-4.79,-1.3976,157040.76,5307866.611,45.84029501129495,2.2068825830386913,0.3703892059261436,3.6729867542250956,,,,80.00244193955245,79.34890846358155,81.30950889149426
002594.SZ,20250728,337.93,339.1,335.53,337.0,337.93,-0.93,-0.2752,117056.7,3947000.994,44.89520105929067,2.3177335931937932,0.7598580833796735,3.1157510196282394,,,,73.12485339979247,77.27422344231853,64.82611331474035
002594.SZ,20250729,112.01,112.5,109.77,111.42,111.01,0.41,0.3693,387359.84,4322742.015,7.0307513968215005,-15.616815998202526,-2.5154767329367664,-26.202678530531518,,,,48.982195209046374,67.84354736456115,11.259490898016821
002594.SZ,20250730,108.05,111.16,107.12,108.7,111.42,-2.72,-2.4412,524834.27,5743878.668,6.954586295591213,-29.707111934502166,-7.953803773249847,-43.50661632250464,,,,32.8747728592707,56.187289196131005,-13.750259814449919
002594.SZ,20250731,108.2,108.2,105.0,105.24,108.7,-3.46,-3.1831,599499.43,6344900.791,6.8528865879464576,-40.683986392463424,-14.499840297092563,-52.36829219074173,455.6618854818495,296.83450000000005,138.00711451815062,21.94963604766152,44.77473814664118,-23.700568150297798
002594.SZ,20250801,104.95,106.24,104.36,105.8,105.24,0.56,0.5321,362336.92,3816659.558,7.089701404764071,-48.775794171293825,-21.355031071932814,-54.84152619872202,463.8562089299965,285.5745,107.29279107000349,14.831290384624847,34.79358889263574,-25.093306631396942
002594.SZ,20250804,104.0,105.14,102.57,104.88,105.8,-0.92,-0.8696,412936.94,4293903.59,7.057954396703593,-54.633070417713185,-28.01063894108889,-53.24486295324859,467.89336665873975,274.389,80.88463334126024,10.203139498399869,26.596772427890453,-22.5841263605813
002594.SZ,20250805,104.88,105.21,103.78,104.86,104.88,-0.02,-0.0191,338349.86,3539636.64,7.057214561434449,-58.60110086242676,-34.12873132535647,-48.944739074140585,468.5876991327557,263.288,57.988300867244334,7.114972997840217,20.102839284540376,-18.860759575560103
002594.SZ,20250806,104.86,105.0,103.9,104.35,104.86,-0.51,-0.4864,305619.6,3184784.993,7.036957986962207,-61.082821571391264,-39.51954937456343,-43.126544393655664,466.52432618081787,252.21550000000002,37.906673819182146,4.991748666622505,15.065809078567753,-15.156372157267992
002594.SZ,20250807,104.27,106.43,104.16,105.33,104.35,0.98,0.9391,428762.98,4526612.773,7.585881195480425,-62.25291247931054,-44.066221995512855,-36.37338096759537,462.38342598307077,241.4205,20.457574016929243,3.7167894477549615,11.28280253496349,-11.415236726662098
002594.SZ,20250808,105.0,105.03,103.91,103.93,105.33,-1.4,-1.3292,326614.61,3405317.252,7.517589714724323,-62.571896381762286,-47.76735687276274,-29.609079017999093,455.7224690414136,230.4215,5.120530958586414,7.043149997731279,9.869585022552753,1.390279948088331
002594.SZ,20250811,103.88,105.66,103.23,105.52,103.93,1.59,1.5299,356697.9,3741329.572,8.524794220421057,-61.98190489357762,-50.61026647692572,-22.743276833303796,447.5356598984127,219.773,-7.989659898412697,16.142852811836377,11.960674285647293,24.507209864214545
002594.SZ,20250812,105.4,106.43,104.7,105.67,105.52,0.15,0.1422,312195.04,3302639.096,8.625896388219076,-60.80134854364857,-52.648482890270294,-16.305731306756556,436.6625558788078,208.904,-18.854555878807787,29.115957528790872,17.67910203336182,51.98966851964898
002594.SZ,20250813,106.29,107.65,105.84,106.83,105.67,1.16,1.0978,459830.14,4908744.877,9.459294211306457,-59.090982759018715,-53.93698286401998,-10.307999789997467,423.5607740074877,198.0595,-27.441774007487624,47.36339425803902,27.573866108254215,86.94245055760864
002594.SZ,20250814,107.37,107.5,105.79,106.37,106.83,-0.46,-0.4306,419547.93,4478119.017,9.422592680753581,-57.114246229647534,-54.572435537145495,-5.083621385004079,407.5738810386947,186.977,-33.61988103869467,56.50997937412576,37.21923719687806,95.09146372862118
002594.SZ,20250815,105.85,106.64,105.32,106.07,106.37,-0.3,-0.282,361353.46,3831047.052,9.39698548009666,-54.938578051597204,-54.64566404003584,-0.5858280231227297,388.97833940616556,175.825,-37.32833940616561,59.09111747113654,44.50986395496422,88.25362450348118
002594.SZ,20250818,105.66,109.49,105.66,108.37,106.07,2.3,2.1684,619251.73,6680761.816,11.385316294442674,-52.42443827618342,-54.201418887265355,3.5539612221638635,366.58524058375417,164.5375,-37.51024058375421,66.76362038011875,51.92778276334906,96.43529561365813
002594.SZ,20250819,108.67,108.92,107.18,107.63,108.37,-0.74,-0.6828,389735.19,4205349.329,11.29939717117253,-49.916272488879954,-53.34438960758828,6.856234237416658,338.9703098244398,152.8345,-33.30130982443987,67.93826023211324,57.264608586270455,89.2855635237988
002594.SZ,20250820,107.18,108.26,106.01,108.25,107.63,0.62,0.576,385053.45,4130459.252,11.899283315451356,-47.332880233996804,-52.14208773286999,9.61841499774637,307.63686971449,141.3435,-24.94986971448995,72.02273791832044,62.18398503028712,91.7002436943871
002594.SZ,20250821,107.8,108.83,107.0,107.1,108.25,-1.15,-1.0624,449463.78,4843670.255,11.740674925209419,-44.86118681226222,-50.68590754874844,11.649441472972441,268.2071590208222,129.5625,-9.08215902082219,68.62218736620721,64.33005247559382,77.20645714743401
002594.SZ,20250822,107.11,110.97,107.11,110.66,107.1,3.56,3.324,763120.05,8351469.726,15.49576755705391,-42.12944767201702,-48.974615573402154,13.690335802770264,218.6673175732532,118.199,17.730682426746796,77.43339870134174,68.69783455084313,94.904527002339
002594.SZ,20250825,111.31,112.49,110.31,111.61,110.66,0.95,0.8585,611627.58,6803182.883,16.516516423553185,-39.433305067300495,-47.066353472181824,15.266096809762658,111.37739601947582,106.9295,102.48160398052418,80.86447872511582,72.75338260893402,97.08667095747941
002594.SZ,20250826,111.75,114.69,110.71,113.75,111.61,2.14,1.9174,692915.85,7850511.029,18.893206371070406,-36.70084798306617,-44.9932523743587,16.584808782585057,112.04604159983383,107.046,102.04595840016619,83.8989801248193,76.46858178089578,98.75977681266636
002594.SZ,20250827,113.96,114.06,110.66,110.68,113.75,-3.07,-2.6989,689746.93,7761766.931,18.097241969290238,-34.38669103122372,-42.8719401057317,16.970498149015967,112.34646710073886,107.14500000000001,101.94353289926116,75.00060076624386,75.9792547760118,73.043292746708
002594.SZ,20250828,109.39,110.19,107.11,109.32,110.68,-1.36,-1.2288,762521.99,8278465.956,17.740673210696414,-32.29022400592011,-40.755596885769386,16.930745759698553,112.5556415279015,107.349,102.14235847209851,63.5109209980939,71.82314351670584,46.88647596087003
002594.SZ,20250829,108.88,116.59,108.12,114.06,109.32,4.74,4.3359,1144901.94,12973326.091,23.40508661613366,-29.901593441868357,-38.58479619698918,17.36640551024165,113.6742300361258,107.76200000000001,101.84976996387422,67.70293283930897,70.44973995757354,62.20931860277983
002594.SZ,20250901,108.5,111.48,108.5,109.7,114.06,-4.36,-3.8225,1329867.38,14546890.247,21.910519905152753,-28.037206607447516,-36.475278279080854,16.876143343266676,113.8178193437172,108.003,102.1881806562828,56.7609974442274,65.88682578645816,38.50934075976588
002594.SZ,20250902,108.79,111.1,108.6,110.02,109.7,0.32,0.2917,773224.1,8495472.755,22.302676284621043,-26.23146528010986,-34.42651567928665,16.390100798353586,113.95167974850699,108.261,102.570320251493,48.33771049636014,60.03712068975882,24.938890109562777
002594.SZ,20250903,110.5,110.73,107.01,107.21,110.02,-2.81,-2.5541,735223.27,7975948.716,21.29152853683435,-24.7419361458127,-32.489599772591866,15.49532725355833,113.83205453178829,108.404,102.9759454682117,32.921034554984665,50.998425311500775,-3.233746958047547
002594.SZ,20250904,106.59,107.09,103.71,104.0,107.21,-3.21,-2.9941,815740.74,8588835.881,20.16672564565107,-23.54903513010055,-30.7014868440936,14.304903427986105,113.94421338665244,108.3375,102.73078661334758,22.697873968333482,41.56490819711168,-15.036194489222908
002594.SZ,20250905,103.86,107.5,103.11,107.26,104.0,3.26,3.1346,787523.85,8307907.948,24.52742363500552,-22.086004019441745,-28.978390279163232,13.784772519442974,113.7643551210985,108.50399999999999,103.24364487890148,25.394032695011653,36.174616363078336,3.832865358878294
002594.SZ,20250908,106.15,107.13,105.51,106.25,107.26,-1.01,-0.9416,555923.45,5910440.232,24.088419282178535,-20.768632020840784,-27.336438627498744,13.13561321331592,113.72714236284588,108.54050000000002,103.35385763715416,24.693944645339123,32.3477257904986,9.386382355020174
002594.SZ,20250909,106.0,107.2,105.27,105.49,106.25,-0.76,-0.7153,381636.22,4049249.507,23.744031093415273,-19.56045017554554,-25.781240937108105,12.44158152312513,113.7386192611719,108.53150000000001,103.32438073882811,22.347891880275526,29.014447820424245,9.014779999978089
002594.SZ,20250910,105.52,106.45,105.02,105.2,105.49,-0.29,-0.2749,322368.95,3401353.898,23.605349294452154,-18.41409174774391,-24.307811099235266,11.787438702982712,113.80987686426353,108.45,103.09012313573648,20.066744933042248,26.031880191296914,8.13647441653292
002594.SZ,20250911,105.25,106.6,104.89,106.59,105.2,1.39,1.3213,537781.49,5683446.689,25.841131997495964,-17.195217290090284,-22.88529233740627,11.380150094631972,113.8046350923381,108.46099999999998,103.11736490766187,27.23685026599472,26.43353688286285,28.843477032258455
002594.SZ,20250912,106.6,107.58,105.9,105.91,106.59,-0.68,-0.638,455910.18,4859782.579,25.448747490924177,-16.098546791471747,-21.527943228219364,10.858792873495233,113.81138819049791,108.453,103.0946118095021,29.83916842931145,27.568747398345717,34.380010491242906
002594.SZ,20250915,106.0,110.85,106.0,108.7,105.91,2.79,2.6343,974804.07,10620465.041,30.13615563196356,-14.833308688092856,-20.189016320194064,10.711415264202415,113.82879650234686,108.4695,103.11020349765313,43.9668530269484,33.03478260787995,65.8309938650853
002594.SZ,20250916,109.0,109.0,107.22,107.8,108.7,-0.9,-0.828,533160.21,5753437.964,29.4919793413585,-13.74477959070947,-18.90016897429715,10.310778767175357,113.8324807404703,108.478,103.12351925952969,49.50934043312495,38.52630188296161,71.47541753345162
002594.SZ,20250917,108.2,112.0,108.2,110.99,107.8,3.19,2.9592,981239.71,10827682.692,34.810913773126416,-12.480834803976506,-17.61630214023302,10.270934672513029,114.07824262687164,108.61500000000001,103.15175737312838,62.552533667077654,46.53504581100029,94.58750937923239
002594.SZ,20250918,110.99,112.8,108.56,109.71,110.99,-1.28,-1.1533,934013.8,10362193.293,33.711973080839996,-11.450441198371195,-16.383129951860656,9.865377506978923,114.18237952782361,108.74550000000002,103.30862047217643,62.01353066216468,51.694540761388424,82.65151046371722
002594.SZ,20250919,109.8,110.8,109.0,109.09,109.71,-0.62,-0.5651,472977.48,5188176.204,33.16581803747654,-10.562122092003818,-15.21892837988929,9.313612575770943,114.03595557814246,108.66699999999999,103.29804442185751,59.04146881902427,54.14351678060037,68.83737289587206
002594.SZ,20250922,108.87,108.91,107.15,107.99,109.09,-1.1,-1.0083,491559.23,5293961.578,32.17002551379723,-9.833528808188888,-14.141848465549211,8.616639314720647,113.68735136287363,108.48599999999999,103.28464863712635,52.424611745341906,53.57054843551421,50.132738364997294
002594.SZ,20250923,107.45,107.69,104.64,105.6,107.99,-2.39,-2.2132,650962.62,6888232.046,30.05832274170392,-9.341285878610933,-13.181735948161556,7.680900139101247,112.8233594289049,108.0785,103.33364057109512,38.87130979101223,48.670802220680216,19.272324931676252
002594.SZ,20250924,105.0,105.83,104.0,105.71,105.6,0.11,0.1042,548162.27,5758922.305,30.285145265824667,-8.840397134598447,-12.313468185448935,6.946142101700975,112.524153810866,107.83,103.135846189134,32.39147925461419,43.24436123199154,10.685715299859496
002594.SZ,20250925,105.34,108.8,104.87,107.5,105.71,1.79,1.6933,693482.04,7421942.405,34.03413643633543,-8.204425644165894,-11.491659677192327,6.574468066052866,112.38439729195122,107.73899999999999,103.09360270804876,34.85189526065189,40.44687257487833,23.661940632199006
002594.SZ,20250926,107.45,111.23,107.0,107.29,107.5,-0.21,-0.1953,756612.07,8250492.997,33.80446126080348,-7.62941179104449,-10.71921009996276,6.179596617836541,111.02964576726646,107.40050000000001,103.77135423273356,35.69671805255583,38.86348773410416,29.36317868945916
002594.SZ,20250929,107.0,109.14,106.39,108.61,107.29,1.32,1.2303,613983.68,6621874.267,36.69625965764117,-6.986658352946009,-9.97269975055941,5.972082795226804,110.86649087487358,107.346,103.82550912512643,41.25993324715843,39.662302905122246,44.455193931230795
002594.SZ,20250930,108.19,109.98,107.76,109.21,108.61,0.6,0.5524,567755.5,6200518.75,38.02164253787127,-6.355593313376588,-9.249278463122845,5.787370299492515,110.71902296023744,107.30550000000001,103.89197703976258,47.24147064962075,42.188692153288414,57.34702764228544
002594.SZ,20251009,108.67,112.48,108.07,110.6,109.21,1.39,1.2728,1008721.97,11196004.667,41.09835992657759,-5.677857532364911,-8.534994276971258,5.714273489212694,111.1771804386156,107.475,103.7728195613844,57.43770999282889,47.27169809980191,77.76973377888285
002594.SZ,20251010,110.55,110.55,107.58,107.79,110.6,-2.81,-2.5407,590102.53,6420415.513,37.08988448376758,-5.306322575362998,-7.889259936649607,5.165874722573218,111.0062389185973,107.6645,104.3227610814027,53.18960540402431,49.244333867876044,61.08014847632084
002594.SZ,20251013,105.0,105.98,104.1,105.69,107.79,-2.1,-1.9482,744429.8,7841774.365,34.39034936287088,-5.122284388818898,-7.335864827083466,4.427160876529136,111.03412644780724,107.58599999999998,104.13787355219273,42.10281869702249,46.86382881092486,32.58079846921777
002594.SZ,20251014,106.68,109.36,105.62,105.99,105.69,0.3,0.2838,767786.27,8244228.529,35.11687658738832,-4.895789691226582,-6.8478497999120895,3.9041202173710143,111.04306685815533,107.57300000000001,104.10293314184469,35.89087284204013,43.206176821296616,21.26026488352717
002594.SZ,20251015,106.45,107.51,105.5,107.1,105.99,1.11,1.0473,475791.33,5063179.652,37.85876910633038,-4.573997096916642,-6.393079259313001,3.638164324792717,110.99900609027512,107.65350000000001,104.3079939097249,35.86042278570375,40.75759214276566,26.066084071579922
002594.SZ,20251016,107.0,109.3,106.51,106.96,107.1,-0.14,-0.1307,523096.38,5628738.804,37.642701726662594,-4.280923160099263,-5.9706480394702535,3.3794497587419805,110.91225558819467,107.7415,104.57074441180534,35.283241284343454,38.93280852329159,27.984106806447173
002594.SZ,20251017,106.6,106.63,104.26,104.43,106.96,-2.53,-2.3654,625724.94,6576614.911,33.879660830486515,-4.204344740540336,-5.61738737968427,2.8260852782878683,111.08821431526077,107.63349999999998,104.1787856847392,24.834810020906826,34.233475689163335,6.037478684393804
002594.SZ,20251020,105.22,105.63,104.08,104.52,104.43,0.09,0.0862,355614.52,3721699.722,34.13191587210494,-4.089255155523645,-5.3117609348521455,2.4450115586570007,111.20548541121173,107.564,103.92251458878826,18.302571759969624,28.923174379432098,-2.9386334789553246
002594.SZ,20251021,104.69,105.07,104.24,104.76,104.52,0.24,0.2296,299074.19,3133789.475,34.84575591874248,-3.933338755233933,-5.036076498928503,2.2054754873891405,111.16431010059333,107.36699999999999,103.56968989940665,14.900127205059139,24.248825321307777,-3.7972690274381335
002594.SZ,20251022,104.1,104.32,103.37,103.78,104.76,-0.98,-0.9355,357874.19,3715302.136,33.26065752926178,-3.844534296257848,-4.7977680583943725,1.906467524273049,111.26402098580134,107.16599999999998,103.06797901419863,11.836853605601158,20.11150141607224,-4.712442015341004
002594.SZ,20251023,103.3,103.73,102.0,103.69,103.78,-0.09,-0.0867,378603.42,3889661.811,33.11169096148147,-3.738325283712399,-4.585879503457978,1.6951084394911575,110.76997921386202,106.801,102.83202078613799,15.545221244313804,18.589408025486094,9.456847681969222
002594.SZ,20251024,103.98,104.37,103.61,103.76,103.69,0.07,0.0675,305542.68,3173964.302,33.36168072745765,-3.6069270512769407,-4.390089013021771,1.5663239234896604,110.44759064298337,106.50349999999999,102.5594093570166,18.33449532229618,18.50443712442279,17.994611718042968
002594.SZ,20251027,104.0,104.97,103.88,104.01,103.76,0.25,0.2409,345987.84,3607756.848,34.30601182813275,-3.442932116448276,-4.200657633707072,1.5154510345175929,110.14864080280121,106.24949999999998,102.35035919719876,21.401079073311635,19.469984440719074,25.263268338496758
002594.SZ,20251028,104.02,104.32,103.5,103.72,104.01,-0.29,-0.2788,265415.83,2755526.047,33.7092621719226,-3.298344265896489,-4.020194960144956,1.4437013884969332,109.99766328706386,106.03599999999999,102.07433671293612,22.121267327413236,20.35374540295046,25.65631117633879
002594.SZ,20251029,103.73,105.18,103.0,104.52,103.72,0.8,0.7713,397340.4,4128608.369,36.966646695644734,-3.0836575537445583,-3.8328874788648766,1.4984598502406365,109.99507164153218,105.982,101.96892835846782,32.89006014772112,24.532516984540678,49.605146474082005
002594.SZ,20251030,104.0,104.86,103.5,103.61,104.52,-0.91,-0.8706,358989.45,3733925.603,34.86781781027328,-2.9529069097082044,-3.6568913650335424,1.407968910650676,110.02080549737434,105.877,101.73319450262565,36.71091245844403,28.59198214250846,52.948773090315164
002594.SZ,20251031,101.0,101.32,100.0,100.79,103.61,-2.82,-2.7217,637052.59,6418551.106,29.313539512023468,-3.0417728505947395,-3.533867662145782,0.9841896231020852,110.16422333155147,105.5415,100.91877666844853,29.557596722617806,28.913853669211576,30.845082829430268
002594.SZ,20251103,100.79,100.99,98.5,99.6,100.79,-1.19,-1.1807,551670.21,5472679.665,27.334746128745948,-3.1716618601144404,-3.461426501739514,0.5795292832501469,110.37495400517011,105.157,99.93904599482988,25.194086437832997,27.67393125875205,20.234396795994897
002594.SZ,20251104,99.0,99.54,97.71,97.8,99.6,-1.8,-1.8072,435017.04,4274197.474,24.626741697975206,-3.3808722025003703,-3.4453156418916855,0.12888687878263028,110.49007906221338,104.6165,98.74292093778662,17.19766405092483,24.18184218947631,3.2293077738218656
002594.SZ,20251105,96.66,96.66,94.73,95.8,97.8,-2.0,-2.045,587215.1,5617215.879,22.016800584976323,-3.6657991408084456,-3.4894123416750378,-0.35277359826681565,110.58126457649372,103.946,97.31073542350627,14.878187517203452,21.08062396538536,2.4733146208396377
002594.SZ,20251106,95.58,97.75,95.4,97.52,95.8,1.72,1.7954,402003.67,3897723.836,28.986993348478734,-3.7100490310405974,-3.5335396795481495,-0.3530187029848957,109.75105751639303,103.292,96.83294248360697,18.81831320923608,20.326520380002265,15.801898867703713
002594.SZ,20251107,97.0,98.15,96.83,97.2,97.52,-0.32,-0.3281,322560.73,3145817.991,28.47702344383285,-3.7279650529485053,-3.572424754228221,-0.3110805974405686,109.3937921063752,102.7625,96.1312078936248,20.424330018278592,20.35912359276104,20.554742869313692
002594.SZ,20251110,97.35,100.35,97.35,99.39,97.2,2.19,2.2531,554876.9,5513238.813,36.68651759748588,-3.524817035321391,-3.562903210446855,0.07617235025092839,109.09113116074894,102.44749999999999,95.80386883925104,28.480653823987943,23.06630033650334,39.309360798957144
002594.SZ,20251111,99.5,99.78,98.14,98.71,99.39,-0.68,-0.6842,319857.88,3161124.11,35.33048569547664,-3.379731642191075,-3.526268896795699,0.29307450920924794,108.70858649000711,102.08349999999999,95.45841350999287,32.083515843171924,26.0720388387262,44.10646985206337
002594.SZ,20251112,98.8,98.99,97.54,97.77,98.71,-0.94,-0.9523,260643.35,2555847.684,33.48779036886515,-3.3025310448132785,-3.481521326399215,0.3579805631718731,108.07528800844894,101.61699999999999,95.15871199155104,36.76584414835638,29.636640608602924,51.02425122786329
002594.SZ,20251113,97.01,100.5,97.01,99.83,97.77,2.06,2.107,579990.22,5759429.264,40.777567013065074,-3.040080080545053,-3.3932330772283827,0.7063059933666596,107.27134511529586,101.26050000000001,95.24965488470416,51.6671122863377,36.980131167847844,81.0410745233174
002594.SZ,20251114,99.0,100.5,98.33,98.37,99.83,-1.46,-1.4625,342984.66,3396134.916,37.629716426594044,-2.9162785549155927,-3.297842172765825,0.7631272357004644,106.90937995511304,100.9575,95.00562004488695,55.473048861024694,43.144437065573456,80.13027245192717
002594.SZ,20251117,97.8,98.59,97.25,98.08,98.37,-0.29,-0.2948,207247.59,2029207.779,37.018435720153676,-2.8091830171157,-3.2001103416358,0.7818546490402003,106.47740542546495,100.63550000000001,94.79359457453506,56.33500773288415,47.541293954677016,73.92243528929842
002594.SZ,20251118,97.54,97.85,96.02,96.49,98.08,-1.59,-1.6211,304756.45,2949162.765,33.77851688985825,-2.82010038189226,-3.1241083496870923,0.6080159355896644,106.00807500816204,100.222,94.43592499183795,44.680854828458656,46.587814245937565,40.866935993500846
002594.SZ,20251119,96.4,96.66,95.01,95.17,96.49,-1.32,-1.368,348292.35,3327809.284,31.32720167797551,-2.9018151220232653,-3.079649704154327,0.3556691642621237,105.73372273228445,99.7915,93.84927726771555,30.75869981885099,41.31144277024204,9.653213916068893
002594.SZ,20251120,95.17,95.5,93.5,93.61,95.17,-1.56,-1.6392,391810.87,3692348.085,28.678403301394084,-3.0572119683136663,-3.0751621569861953,0.03590037734505813,105.52420385701282,99.2875,93.05079614298717,21.029609403043516,34.550831647842536,-6.012835086554524
002594.SZ,20251121,92.49,94.39,91.7,92.7,93.61,-0.91,-0.9721,451713.13,4182916.493,27.231940196316955,-3.2167142043723516,-3.1034725664634264,-0.22648327581785033,105.24231215156671,98.7345,92.22668784843329,17.8076183899078,28.969760561864295,-4.516665954005184
002594.SZ,20251124,93.1,94.41,92.2,93.93,92.7,1.23,1.3269,327302.13,3064736.739,32.20899974705729,-3.2069029738841834,-3.124158647947578,-0.16548865187321127,104.58549952793703,98.23049999999999,91.87550047206295,20.318715290241585,26.086078804656722,8.78398826141131
002594.SZ,20251125,94.0,95.38,93.7,93.91,93.93,-0.02,-0.0213,277488.87,2620855.758,32.17046974683112,-3.164265651149762,-3.132180048588015,-0.06417120512349417,103.83344565907342,97.74,91.64655434092657,21.91702231470649,24.69639330800665,16.358280328106176
002594.SZ,20251126,94.75,95.44,94.45,95.09,93.91,1.18,1.2565,306576.97,2914626.393,36.96186321866016,-3.000669279763528,-3.105877894823118,0.21041723011917934,102.60250890513704,97.26849999999999,91.93449109486293,27.452257300713423,25.615014638908907,31.126742624322453
002594.SZ,20251127,94.6,95.16,94.22,94.29,95.09,-0.8,-0.8413,202279.96,1915349.541,35.14906499384425,-2.9021174870277378,-3.065125813264042,0.32601665247260847,101.41925156360854,96.8025,92.18574843639145,30.831741925681243,27.353923734499684,37.78737830804436
002594.SZ,20251128,94.6,95.23,94.2,95.17,94.29,0.88,0.9333,219350.62,2080615.71,38.70998879885516,-2.721632549846973,-2.9964271605806285,0.5495892214673113,100.80536869547636,96.5215,92.23763130452365,39.36208269300161,31.35664338733366,55.372961304337515
002594.SZ,20251201,95.39,96.3,95.14,95.77,95.17,0.6,0.6305,233712.72,2237016.414,41.085315006407875,-2.501347968866611,-2.8974113222378253,0.7921267067424287,100.38245111014095,96.33,92.27754888985905,53.59353899963547,38.76894192476759,83.24273314937122
002594.SZ,20251202,96.42,97.8,96.25,96.62,95.77,0.85,0.8875,359217.46,3483571.735,44.37429653706521,-2.2324486764305362,-2.7644187930763677,1.063940233291663,100.27013440635379,96.271,92.27186559364621,62.61427190139636,46.71738525031051,94.40804520356805
002594.SZ,20251203,96.64,96.65,94.89,95.05,96.62,-1.57,-1.6249,231572.84,2207429.346,39.939203961958384,-2.12157374729766,-2.6358497839206265,1.0285520732459332,100.26354354816208,96.2335,92.20345645183794,60.04885886322597,51.16120978794899,77.82415701377994
002594.SZ,20251204,94.92,95.29,94.2,95.24,95.05,0.19,0.1999,166141.64,1576759.405,40.711493849113246,-1.995371751569067,-2.507754177450315,1.0247648517624963,100.1264513348783,96.1195,92.11254866512171,58.127810670722056,53.48341008220668,67.4166118477528
002594.SZ,20251205,95.29,96.22,94.71,95.98,95.24,0.74,0.777,211618.47,2021250.209,43.7454527928829,-1.8147249258378935,-2.369148327127831,1.1088468025798752,100.03482631961752,96.05850000000001,92.0821736803825,57.288459146335065,54.75175977024948,62.36185789850623
002594.SZ,20251208,96.21,97.15,96.21,96.53,95.98,0.55,0.573,247804.98,2397261.754,45.958948262129475,-1.6086372427056261,-2.2170461102433903,1.2168177350755283,99.59708376247006,95.91550000000001,92.23391623752995,59.76638017163081,56.42329990404326,66.4525407068059
002594.SZ,20251209,96.21,96.66,95.7,96.03,96.53,-0.5,-0.518,163227.02,1568057.388,44.254172634393285,-1.4687265252349846,-2.067382193241709,1.197311336013449,99.23447132917194,95.78150000000001,92.32852867082808,56.78869789219833,56.54509923342829,57.275895209738394
002594.SZ,20251210,95.6,96.65,94.9,96.47,96.03,0.44,0.4582,198402.24,1902988.18,46.147266946569864,-1.307272526929097,-1.9153602599791868,1.2161754661001796,99.06464739820152,95.71650000000001,92.3683526017985,58.87765044665073,57.32261630450244,61.98771873094732
002594.SZ,20251211,96.98,97.12,95.85,96.23,96.47,-0.24,-0.2488,250907.67,2422448.208,45.244717478883096,-1.185024835641812,-1.769293175111712,1.1685366789398,98.32021173078029,95.5365,92.75278826921972,58.04806326073016,57.564431956578346,59.0153258690338
002594.SZ,20251212,96.2,97.7,95.65,97.0,96.23,0.77,0.8002,554620.88,5390456.375,48.71062225224647,-1.0143176719763858,-1.618298074484647,1.2079608050165223,98.02786405890701,95.468,92.908135941093,64.62463476641273,59.91783289318981,74.03823851285856
002594.SZ,20251215,96.55,97.16,95.53,95.53,97.0,-1.47,-1.5155,293300.99,2824248.327,43.10150715540698,-0.986278524694626,-1.4918941645266428,1.0112312796640337,97.6041561134775,95.3405,93.07684388652251,55.74975651094181,58.52847409910714,50.19232133461114
002594.SZ,20251216,95.5,95.7,94.14,94.25,95.53,-1.28,-1.3399,258767.71,2450336.536,38.900938639136875,-1.0551791526112453,-1.4045511621435633,0.6987440190646361,97.47517109299164,95.22850000000001,92.98182890700838,38.196466887444345,51.75113836188621,11.087123938560609
002594.SZ,20251217,94.5,95.7,93.68,95.21,94.25,0.96,1.0186,272825.0,2584139.145,43.359441884996016,-1.0205550958210097,-1.3277519488790526,0.6143937061160858,97.4770304360467,95.2305,92.98396956395331,38.15087842247524,47.21771838208255,20.0171985032606
002594.SZ,20251218,94.39,94.6,93.5,93.53,95.21,-1.68,-1.7645,252797.34,2376126.962,38.11739932426338,-1.1158148223150448,-1.2853645235662512,0.3390994025024128,97.48481153742884,95.2265,92.96818846257116,25.672014186412074,40.03581698352573,-3.0555914078152284
002594.SZ,20251219,94.0,95.27,93.73,94.23,93.53,0.7,0.7484,272067.94,2573037.718,41.301712209246176,-1.121892216892249,-1.2526700622314508,0.2615556906784038,97.3026309659745,95.30300000000001,93.30336903402552,22.90832691792554,34.326653628325666,0.07167349712528903
002594.SZ,20251222,94.7,95.36,94.25,94.37,94.23,0.14,0.1486,206234.82,1952361.858,41.94514091339871,-1.1027005207132277,-1.2226761539278064,0.23995126642915743,97.27273201444245,95.325,93.37726798555755,22.17697985004563,30.276762368898986,5.977414812338921
002594.SZ,20251223,94.5,95.5,94.5,94.81,94.37,0.44,0.4662,236617.41,2247679.864,44.021975419517254,-1.0399981887129712,-1.1861405608848394,0.2922847443437364,97.22422760201759,95.36999999999999,93.51577239798239,25.18147863018916,28.57833445599571,18.387766978576067
002594.SZ,20251224,94.8,94.8,94.05,94.42,94.81,-0.39,-0.4113,192809.95,1819358.259,42.56836865095772,-1.0101317099240248,-1.1509387906926767,0.2816141615373038,97.2334688980276,95.3365,93.4395311019724,24.08923972171342,27.08196954456828,18.103780076003687
002594.SZ,20251225,94.43,95.23,94.12,94.84,94.42,0.42,0.4448,182201.63,1725723.851,44.68661756715288,-0.9417163010731429,-1.10909429276877,0.3347559833912541,97.21487438798098,95.364,93.51312561201902,28.263500433783488,27.475813174306687,29.838874952737086
002594.SZ,20251226,95.28,101.45,95.25,100.01,94.84,5.17,5.4513,1020958.95,10178557.962,62.85038952330678,-0.46496102290139163,-0.9802676387952943,1.0306132317878054,98.34479827663222,95.60600000000001,92.8672017233678,46.13793110679906,33.69651915180414,71.02075501678891
002594.SZ,20251229,100.5,101.3,99.6,100.21,100.01,0.2,0.2,519166.96,5209488.142,63.351753538287035,-0.07018169073944591,-0.7982504491841247,1.4561375168893576,99.22474314602727,95.828,92.43125685397274,58.89279264562281,42.09527698307703,92.48782397071437
002594.SZ,20251230,99.26,100.15,98.74,99.75,100.21,-0.46,-0.459,318756.38,3174697.986,61.30252782047155,0.20322299047847991,-0.5979557612516038,1.6023575034601674,99.77802856850754,95.9845,92.19097143149246,65.46731249750115,49.88595548788507,96.63002651673332
002594.SZ,20251231,99.98,100.2,97.38,97.72,99.75,-2.03,-2.0351,402858.87,3955310.311,53.13428095672045,0.25317568384888034,-0.4277294722315069,1.3618103121607745,99.95822186860116,96.118,92.27777813139883,60.87285427294549,53.548255082905214,75.52205265302604
002594.SZ,20260105,98.4,99.48,97.9,98.11,97.72,0.39,0.3991,382625.21,3762797.878,54.391608642679685,0.32053832755676126,-0.2780759122738533,1.1972284796612291,100.17358013722652,96.2615,92.34941986277347,58.870191136918606,55.32223376757635,65.96610587560312
002594.SZ,20260106,98.22,100.5,98.12,99.99,98.11,1.88,1.9162,521784.86,5185026.166,59.967156618780976,0.5196339791506119,-0.11853393398896027,1.2763358262791444,100.69379205539236,96.462,92.23020794460764,66.0035508480358,58.882672794396164,80.24530695531509
002594.SZ,20260107,99.96,99.96,97.06,97.6,99.99,-2.39,-2.3902,560848.81,5502570.731,51.369622434459316,0.4790435753662905,0.0009815678820898899,0.9561240149684012,100.77633313450337,96.5155,92.25466686549663,59.99335822301484,59.25290127060239,61.474272127839725
002594.SZ,20260108,97.2,97.2,96.33,96.88,97.6,-0.72,-0.7377,300654.75,2908439.429,49.086436711682275,0.3843468934798153,0.07765463300163498,0.6133845209563606,100.81557019907854,96.55799999999999,92.30042980092145,52.54673176668471,57.017511435963165,43.6051724281278
002594.SZ,20260109,97.05,97.95,96.9,97.01,96.88,0.13,0.1342,350340.58,3412630.185,49.52267794458642,0.31614468523849837,0.12535264344900765,0.38158408357898144,100.8468423246387,96.58500000000001,92.32315767536132,44.49352010252101,52.84284765814911,27.794864991264802
002594.SZ,20260112,97.01,98.0,96.3,97.47,97.01,0.46,0.4742,425257.19,4125432.529,51.118686621365455,0.2958022749612468,0.1594425697514555,0.2727194104195826,100.92243728758609,96.64699999999999,92.37156271241389,37.46234673501402,47.71601401710408,16.95501217083391
002594.SZ,20260113,99.0,99.6,96.88,97.19,97.47,-0.28,-0.2873,498722.72,4905229.942,50.080694241480145,0.25415734069888174,0.17838552394094073,0.15154363351588201,100.93587507120859,96.6565,92.3771249287914,32.03838988683474,42.4901393070143,11.134891046475616
002594.SZ,20260114,96.81,97.74,95.51,96.1,97.19,-1.09,-1.1215,514749.73,4975154.616,46.151917269128184,0.13168159629734077,0.16904473841222076,-0.07472628422975996,100.94151735578296,96.685,92.42848264421704,25.300142356086152,36.76014032337159,2.3801464215152777
002594.SZ,20260115,96.08,96.64,95.6,95.67,96.1,-0.43,-0.4475,295635.46,2835803.09,44.6633615927742,-7.782277847923069e-05,0.13522022617408078,-0.27059609790512,100.89338758156417,96.756,92.61861241843583,17.935565845941184,30.48528216422812,-7.163866790632689
002594.SZ,20260116,96.7,97.44,95.6,95.86,95.67,0.19,0.1986,384588.02,3705328.916,45.499817629846596,-0.08815055484326706,0.09054606997061121,-0.35739324962775654,100.8868278297473,96.7885,92.6901721702527,14.295053249331495,25.088539192595913,-7.291918637197341
002594.SZ,20260119,96.81,97.3,95.77,96.19,95.86,0.33,0.3443,334927.15,3227653.862,46.99834540425966,-0.12982405654824447,0.04647204466684007,-0.3525922024301691,100.75211496369461,96.9215,93.09088503630538,14.623668458355787,21.600248947849206,0.6705074793689505
002594.SZ,20260120,96.22,96.26,94.68,94.74,96.19,-1.45,-1.5074,389149.47,3699337.566,41.58746389264365,-0.2766642751883239,-0.018155219304192727,-0.5170181117682624,100.71183253280687,96.94699999999999,93.18216746719311,10.155616370611096,17.785371422103168,-5.103893732373049
002594.SZ,20260121,94.01,94.94,94.0,94.1,94.74,-0.64,-0.6755,308333.93,2910327.666,39.429692173217674,-0.4396112923543569,-0.10244643391422557,-0.6743297168802627,100.73693673538565,96.93350000000001,93.13006326461436,7.365649008978793,14.312130617728378,-6.527314208520377
002594.SZ,20260122,94.72,95.13,93.89,94.12,94.1,0.02,0.0213,291014.25,2741536.605,39.53527173872974,-0.5606710774006132,-0.19409136261150312,-0.7331594295782201,100.79035914560467,96.899,93.00764085439533,6.253106344573161,11.625789193343307,-4.492259352967132
002594.SZ,20260123,94.24,94.36,93.51,93.65,94.12,-0.47,-0.4994,383302.72,3598066.421,37.86491357069068,-0.6866219508425218,-0.2925974802577069,-0.7880489411696298,100.86285668076712,96.8605,92.85814331923288,4.935021087952994,9.395533158213203,-3.9860030525674226
002594.SZ,20260126,93.65,93.66,92.5,92.63,93.65,-1.02,-1.0892,375459.61,3485372.554,34.46198977750052,-0.8588441798828654,-0.40584682018273865,-0.9059947194002536,101.07815896197,96.74999999999999,92.42184103802997,4.116986068813419,7.636017461746609,-2.9210767170529603
002594.SZ,20260127,92.67,92.99,91.8,91.81,92.63,-0.82,-0.8852,362980.92,3340756.01,31.974201989049362,-1.0494018330639676,-0.5345578227589844,-1.0296880206099663,100.90242917754152,96.34,91.77757082245849,2.8037590340553122,6.025264652516177,-3.639252202866418
002594.SZ,20260128,91.8,93.5,90.01,93.34,91.81,1.53,1.6665,715566.18,6553150.013,40.591720402961684,-1.0646888623874702,-0.6405840306846816,-0.8482096634055771,100.37238973810844,95.9965,91.62061026189156,16.808607413461733,9.619712239498028,31.186397761389145
002594.SZ,20260129,92.66,92.92,91.61,92.31,93.34,-1.03,-1.1035,371824.81,3423462.525,37.17730068249113,-1.1466979154199635,-0.741806807631738,-0.8097822155764509,99.92510216714862,95.6245,91.32389783285137,21.722427804676357,13.653950761224138,37.859381891580796
002594.SZ,20260130,92.27,92.27,90.7,90.89,92.31,-1.42,-1.5383,329175.6,3001871.204,33.049825915380765,-1.3111585932611547,-0.8556771647576213,-0.9109628570070667,99.93418952528104,95.283,90.63181047471896,19.174951869784213,15.494284464077495,26.53628668119765
002594.SZ,20260202,88.0,89.09,86.97,87.05,90.89,-3.84,-4.2249,646973.85,5676850.727,24.974909163570757,-1.7313923597377538,-1.030820203753648,-1.4011443119682117,100.41932333411319,94.72999999999999,89.04067666588679,13.110098632143718,14.699555853432903,9.931184189565347
002594.SZ,20260203,87.2,87.4,85.88,87.37,87.05,0.32,0.3676,377826.85,3275997.179,26.584661703824267,-2.015377306581385,-1.2277316243191954,-1.5752913645243796,100.10534298055698,94.099,88.09265701944302,14.109435124131881,14.502848943665896,13.322607485063855
002594.SZ,20260204,86.99,89.33,86.45,89.14,87.37,1.77,2.0259,376504.71,3322530.225,34.9044429660492,-2.0737087913553722,-1.3969270577264308,-1.353563467257883,99.82639640999561,93.676,87.5256035900044,22.220755491559633,17.075484459630474,32.511297555417954
002594.SZ,20260205,88.5,91.23,88.33,90.11,89.14,0.97,1.0882,354240.31,3184480.193,38.98522386204735,-2.01839917069276,-1.5212214803196966,-0.9943553807461267,99.49048261009143,93.3375,87.18451738990858,32.937230310568474,22.362733076609807,54.0862247784858
002594.SZ,20260206,89.39,90.66,89.0,89.82,90.11,-0.29,-0.3218,247087.79,2217096.985,38.213921809013165,-1.9751976254933794,-1.612016709354433,-0.7263618322778926,99.07056464882302,92.978,86.88543535117697,39.19349912218124,27.972988425133614,61.63452051627648
002594.SZ,20260209,90.5,90.65,89.83,90.06,89.82,0.24,0.2672,208179.51,1875980.039,39.284508638215286,-1.8996955872261196,-1.6695524849287706,-0.46028620459469805,98.45879002871067,92.6075,86.75620997128934,44.41421376299398,33.453396871087065,66.3358475468078
002594.SZ,20260210,90.0,91.57,89.84,90.81,90.06,0.75,0.8328,267604.81,2434219.975,42.62993382604751,-1.7590635562506236,-1.6874546991931414,-0.14321771411496442,97.79094409331793,92.2885,86.78605590668207,52.952278872299026,39.95302420482439,78.95078820724831
002594.SZ,20260211,90.88,92.95,90.88,92.28,90.81,1.47,1.6188,396949.59,3662117.779,48.60710441149937,-1.5115705000019943,-1.6522778593549121,0.28141471870583556,97.31530365672087,92.0975,86.87969634327912,65.47596526422952,48.4606712246261,99.50655334343637
002594.SZ,20260212,92.29,92.35,91.08,91.16,92.28,-1.12,-1.2137,230313.32,2106032.227,44.77911135176626,-1.3897845385536272,-1.5997791951946554,0.41998931328205646,96.83640369028247,91.872,86.90759630971753,68.54456147271122,55.15530130732114,95.32308180349139
002594.SZ,20260213,90.05,91.09,89.88,90.27,91.16,-0.89,-0.9763,217338.87,1963579.417,41.95176937405017,-1.3495273375493184,-1.5497288236655882,0.4004029722325395,96.24709718988557,91.5925,86.93790281011444,66.3941583792615,58.901586997967925,81.37930114184863
002594.SZ,20260224,91.98,91.99,90.61,90.87,90.27,0.6,0.6647,206444.58,1879888.761,44.4960930098912,-1.254744318670717,-1.490731922666614,0.47197520799179404,95.48092547172183,91.32650000000001,87.17207452827819,66.92943891950767,61.577537638481175,77.63324148156067
002594.SZ,20260225,90.89,92.79,90.89,91.45,90.87,0.58,0.6383,324780.1,2985714.58,46.91818458951642,-1.119917231872165,-1.4165689845077243,0.5933035052711184,95.01215116587537,91.162,87.31184883412465,67.13044845716097,63.42850791137444,74.53432954873401
002594.SZ,20260226,91.4,91.4,89.61,89.85,91.45,-1.6,-1.7496,291018.94,2619922.211,41.53369823419705,-1.129156212507226,-1.3590864301076246,0.4598604352007971,94.59105722186152,90.9495,87.30794277813848,51.92662808536464,59.59454796937117,36.59078831735157
002594.SZ,20260227,89.4,89.94,89.1,89.32,89.85,-0.53,-0.5899,219340.83,1962319.079,39.90019980209325,-1.1658060553124017,-1.32043035514858,0.30924859967235685,94.10820254657453,90.7095,87.31079745342548,36.522513961671656,51.90386996680466,5.759801951405649
002594.SZ,20260302,88.0,97.25,87.72,96.79,89.32,7.47,8.3632,1435136.88,13507227.574,62.36619509463397,-0.5853373446291101,-1.1734117530446861,1.176148816831152,95.00386280740425,90.8665,86.72913719259576,56.072721794664645,53.29348724275799,61.63119089847797
002594.SZ,20260303,96.39,96.99,93.99,95.21,96.79,-1.58,-1.6324,865741.45,8272503.576,57.472531297177255,-0.24992354173333808,-0.9887141107824166,1.477581138098157,95.49021011302084,90.9955,86.50078988697918,63.57978584841929,56.72225344464509,77.29485065596768
002594.SZ,20260304,95.2,96.8,93.7,95.99,95.21,0.78,0.8192,700968.92,6674964.518,59.17558013167992,0.07793540403095278,-0.7753842078197427,1.706639223701391,96.19288841712344,91.2045,86.21611158287655,71.31272187026482,61.58574291985167,90.76667977109113
002594.SZ,20260305,96.8,96.82,93.89,94.47,95.99,-1.52,-1.5835,552439.97,5235746.09,54.587953654531034,0.21266323442712576,-0.5777747193703691,1.5808759075949896,96.36902075172871,91.261,86.15297924827128,71.15146830525525,64.77431804831953,83.90576881912668
002594.SZ,20260306,96.0,96.0,93.25,93.62,94.47,-0.85,-0.8998,503540.37,4743654.925,52.15303137146185,0.24798944645345955,-0.41262188620560336,1.3212226653181258,96.51953485450377,91.3265,86.13346514549622,68.0708984224612,65.87317817303342,72.46633892131675
002594.SZ,20260309,93.62,98.0,93.0,97.52,93.62,3.9,4.1658,1093408.99,10562485.735,60.794142847682345,0.5839516986512479,-0.21330716923423312,1.594517735770962,97.50281171639348,91.65799999999999,85.8131882836065,77.15751204817775,69.63462279808152,92.2032905483702
002594.SZ,20260310,97.18,97.49,96.08,96.6,97.52,-0.92,-0.9434,507462.43,4907397.251,58.12726588866408,0.7671249538073397,-0.01722074462591855,1.5686913968665164,97.9568176343582,92.13550000000001,86.31418236564181,80.23211568451796,73.16712042689366,94.36210619976657
002594.SZ,20260311,96.75,100.34,95.67,99.22,96.6,2.62,2.7122,903743.75,8925093.668,63.09264395461885,1.110897447689652,0.2084028938371956,1.804989107704913,98.89075457892726,92.72800000000001,86.56524542107276,83.8631431557642,76.73246133651718,98.12450679425828
002594.SZ,20260312,99.23,100.69,98.7,99.1,99.22,-0.12,-0.1209,502523.57,4995016.177,62.72575760339007,1.3580024221252103,0.4383227994947986,1.8393592452608234,99.74775252521037,93.226,86.70424747478963,85.15574231458554,79.54022166253996,96.38678361867667
002594.SZ,20260313,99.0,100.79,98.3,99.67,99.1,0.57,0.5752,519764.82,5199004.697,63.80249490633071,1.5815974599636036,0.6669777315885597,1.8292394567500878,100.63093698542775,93.704,86.77706301457224,85.31135923240232,81.46393418582741,93.00620932555216
002594.SZ,20260316,99.67,105.0,98.79,104.62,99.67,4.95,4.9664,1087814.26,11184164.655,71.50154683358762,2.1336266496094964,0.9603075151927472,2.3466382688334986,102.60529744587744,94.44399999999999,86.28270255412254,89.15201726604602,84.02662854590028,99.40279470633749
002594.SZ,20260317,104.63,106.66,102.71,102.87,104.62,-1.75,-1.6727,841388.6,8793237.613,66.14513396899108,2.402212178253876,1.2486884478049731,2.307047460897806,103.76329133290372,95.0845,86.40570866709629,83.51959765027765,83.8576182473594,82.84355645611413
002594.SZ,20260318,102.82,102.82,100.05,101.69,102.87,-1.18,-1.1471,617996.48,6257459.33,62.73257351733269,2.491135744248737,1.497177907093726,1.9879156743100226,104.52849612359937,95.6285,86.72850387640064,76.88519784786689,81.53347811419522,67.58863731521024
002594.SZ,20260319,100.99,103.88,100.47,102.31,101.69,0.62,0.6097,531059.39,5450382.395,63.78965740291505,2.581874882914221,1.7141173022578249,1.735515161312792,105.34357259699424,96.13000000000001,86.91642740300578,73.9751977843759,79.01405133758878,63.89749067795012
002594.SZ,20260320,102.0,104.45,101.56,103.03,102.31,0.72,0.7037,628783.24,6495105.104,65.03016415628814,2.6809796225192173,1.9074897663101034,1.5469797124182278,106.10767662877686,96.7235,87.33932337122314,71.64012275706953,76.55607514408237,61.808217983043846
002594.SZ,20260323,103.87,111.82,103.18,107.63,103.03,4.6,4.4647,1782445.51,19284919.429,71.70059420807374,3.0950248786482746,2.1449967887777377,1.9000561797410738,107.61696213399064,97.5915,87.56603786600935,72.44532435610621,75.18582488142366,66.96432330547134
002594.SZ,20260324,108.4,108.4,104.93,106.64,107.63,-0.99,-0.9198,921446.17,9784806.491,68.6649063129771,3.3051740123260345,2.3770322334873972,1.8562835576772745,108.64461494650817,98.38,88.11538505349182,68.85901308158562,73.07688761481097,60.42326401513492
002594.SZ,20260325,106.72,107.66,105.28,106.6,106.64,-0.04,-0.0375,662664.89,7061311.678,68.53864237164504,3.428964085579821,2.587418603905882,1.6830909633478779,109.48041037378152,99.1375,88.79458962621848,66.36951956918331,70.84109826626842,57.42636217501311
002594.SZ,20260326,106.62,107.68,102.7,103.14,106.6,-3.46,-3.2458,828120.67,8655663.075,58.51525720876946,3.2108627004016768,2.7121074232050413,0.997510554393271,109.34988060252516,99.80199999999999,90.25411939747482,55.374512150752544,65.68556956109646,34.752397330064724
002594.SZ,20260327,103.99,105.89,102.75,105.3,103.14,2.16,2.0942,658454.64,6893710.026,62.22890593804616,3.17570221115497,2.804826380795027,0.7417516607198866,109.12623055407154,100.601,92.07576944592846,51.78465069466766,61.05192993895352,33.25009220609593
002594.SZ,20260330,103.51,108.0,103.25,106.05,105.3,0.75,0.7123,727557.23,7713482.118,63.45229536303898,3.1717935405354183,2.8782198127431053,0.5871474555846259,109.71591631952565,101.064,92.41208368047434,51.51545390406335,57.873104593990135,38.80015252420978
002594.SZ,20260331,107.0,108.49,105.1,105.25,106.05,-0.8,-0.7544,588659.01,6283345.063,61.1761464008308,3.0687677326080234,2.916329396716089,0.3048766717838687,109.9623263395412,101.566,93.1696736604588,48.381815084353555,54.70934142411127,35.72676240483813
002594.SZ,20260401,105.9,106.5,102.37,102.65,105.25,-2.6,-2.4703,715198.11,7383168.512,54.35215939283048,2.745670387563962,2.882197594885664,-0.2730544146434042,109.90346100621852,101.899,93.89453899378148,35.795803948373475,48.404828932198676,10.577753980723074
002594.SZ,20260402,102.49,103.48,100.5,101.65,102.65,-1.0,-0.9742,604349.47,6153958.208,51.951843644881386,2.38146967121817,2.7820520101521655,-0.8011646778679911,109.50577648662485,102.258,95.01022351337514,27.250206165817907,41.35328801007176,-0.9559575226897863
002594.SZ,20260403,101.8,102.3,99.0,99.01,101.65,-2.64,-2.5971,491745.16,4921224.066,46.156572822654724,1.8583896835259708,2.597319544826927,-1.4778597226019121,108.80656322631583,102.5275,96.24843677368418,18.201928803204233,33.636168274449254,-12.66655013928581
002594.SZ,20260407,99.5,99.77,97.45,97.98,99.01,-1.03,-1.0403,379697.46,3731963.03,44.090090278399785,1.3452257081713839,2.3469007774958186,-2.0033501386488695,108.75899893292025,102.55050000000001,96.34200106707978,13.73486074802988,27.00239909897613,-12.800215953862626
002594.SZ,20260408,98.5,101.28,98.11,101.22,97.98,3.24,3.3068,562818.4,5621410.29,51.453052664380714,1.1863054914899038,2.1147817202946357,-1.8569524576094638,108.40327649858756,102.78150000000001,97.15972350141246,20.53942407356581,24.848074090506024,11.922124039685386
002594.SZ,20260409,100.21,100.21,98.81,99.03,101.22,-2.19,-2.1636,379062.93,3764528.22,46.952117450625636,0.8735753446142098,1.8665404451585508,-1.985930201088682,108.41840629073674,102.772,97.12559370926327,18.46348078334339,22.719876321451814,9.950689707126543
002594.SZ,20260410,99.39,102.2,99.03,101.67,99.03,2.64,2.6659,605731.35,6130392.652,52.362020074759265,0.8292018637900611,1.659072728884853,-1.6597417301895838,108.31917317708599,102.90050000000001,97.48182682291403,25.050533082615406,23.496761908506343,28.158075430833534
002594.SZ,20260413,101.57,104.99,100.81,104.25,101.67,2.58,2.5376,663135.98,6887089.022,56.979426018324745,0.9907986880584474,1.525417920719572,-1.069238465322249,108.3667950079283,103.12950000000001,97.89220499207171,37.23175635459385,28.07509339053551,55.54508228271053
002594.SZ,20260414,103.0,104.19,102.5,103.82,104.25,-0.43,-0.4125,543342.83,5614541.232,56.00509684557292,1.0718127391170498,1.4346968843990675,-0.7257682905640355,108.29275849829419,103.0895,97.88624150170581,48.283417680226435,34.811201487099154,75.22785006648101
002594.SZ,20260415,103.82,104.77,102.5,103.03,103.82,-0.79,-0.7609,428719.17,4431952.62,54.17232489515715,1.060050953033425,1.359767698125939,-0.599433490185028,108.29987589953578,103.0975,97.89512410046422,56.85738013341357,42.15992770253729,86.25228499516612
002594.SZ,20260416,103.28,105.97,103.28,105.54,103.03,2.51,2.4362,643661.46,6763624.067,58.787050546543504,1.2389834459532807,1.3356108476914075,-0.19325480347625357,108.55435561109529,103.29,98.02564438890472,69.5559373033399,51.29193090280482,106.08395010441006
002594.SZ,20260417,104.99,105.46,103.12,103.78,105.54,-1.76,-1.6676,442047.63,4595671.718,54.6327780891759,1.2246543911645205,1.31341955638603,-0.17753033044301914,108.61209705064793,103.3635,98.11490294935207,71.13588308485572,57.90658163015512,97.59448599425693
002594.SZ,20260420,103.78,103.95,102.62,102.91,103.78,-0.87,-0.8383,383676.96,3957213.043,52.652071987433985,1.1300700389378449,1.276749652896393,-0.29335922791709645,108.60788236703483,103.3575,98.10711763296517,67.78015615326258,61.1977731378576,80.94492218407255
002594.SZ,20260421,102.91,103.19,101.33,101.53,102.91,-1.38,-1.341,432257.69,4398233.495,49.58142243796048,0.9330017283450047,1.2080000679861156,-0.5499966792822217,107.97301978962292,103.05250000000001,98.1319802103771,57.84971304072254,60.08175310547925,53.385632911209115
002594.SZ,20260422,101.11,102.38,100.6,101.62,101.53,0.09,0.0886,343733.37,3485648.244,49.787095888206025,0.7751504681557861,1.1214301480200497,-0.6925593597285271,107.47010696568809,102.8015,98.13289303431192,51.00643693588997,57.056647715616165,38.90601537643758
002594.SZ,20260423,101.57,101.59,99.01,99.98,101.62,-1.64,-1.6139,492163.75,4915554.212,46.0969317344074,0.51181799401148,0.9995077172183358,-0.9753794464137115,106.94979670819782,102.47049999999999,97.99120329180215,38.64988516032512,50.921060197185824,14.107535086603718
002594.SZ,20260424,99.91,99.91,98.7,99.46,99.98,-0.52,-0.5201,337738.78,3348015.919,44.95906770818639,0.25818921234271386,0.8512440162432114,-1.1861096078009952,106.93963346037617,102.2865,97.63336653962384,29.25123018024422,43.69778352487196,0.35812349098874563
002594.SZ,20260427,100.0,104.0,99.88,102.34,99.46,2.88,2.8956,601670.2,6169037.082,52.02269852604711,0.2862784664501845,0.7382509062846061,-0.9039448796688432,106.58241392806752,102.1385,97.69458607193246,36.19041205047002,41.19532636673798,26.180583417934102
002594.SZ,20260428,101.85,103.3,101.34,101.48,102.34,-0.86,-0.8403,361550.04,3687912.785,49.96082300796804,0.23641929554919727,0.6378845841375244,-0.8029305771766542,105.98016952964775,101.91,97.83983047035224,36.873387951115745,39.75468022819723,31.110803396952775
002594.SZ,20260429,101.47,105.64,101.0,105.4,101.48,3.92,3.8628,1056557.81,11021927.729,58.110604394974196,0.5073681582843363,0.6117812989668868,-0.20882628136510095,106.01273564646445,101.9175,97.82226435353556,56.762854215249135,45.42407155721453,79.44041953131833
002594.SZ,20260430,104.54,105.45,102.37,102.98,105.4,-2.42,-2.296,600978.53,6206126.903,52.43312548353119,0.5208196244354042,0.5935889640605904,-0.14553867925037234,106.04354206695503,101.934,97.82445793304497,58.399059390377445,49.74906750160217,75.69904316792801
002594.SZ,20260506,101.7,101.89,100.2,100.75,102.98,-2.23,-2.1655,670487.11,6746578.445,47.798753510872785,0.34753151814993544,0.5443774748784594,-0.393691913457048,106.02958884702082,101.88900000000001,97.7484111529792,48.77900789329677,49.42571429883371,47.485595082222886
002594.SZ,20260507,101.05,101.26,100.01,100.46,100.75,-0.29,-0.2878,468845.96,4708289.851,47.21431788638474,0.18467010703568576,0.4724360013099047,-0.5755317885484379,105.94573530932512,101.9615,97.97726469067489,40.97274877804796,46.60805912523846,29.70212808366695
002594.SZ,20260508,100.47,101.0,99.8,100.02,100.46,-0.44,-0.438,382157.5,3823821.998,46.28952977005032,0.019867917620985054,0.3819223845721208,-0.7241089339022715,105.72627640596212,102.0635,98.40072359403788,33.65522348891955,42.2904472464655,16.384775973827672
002594.SZ,20260511,100.02,100.73,99.0,100.44,100.02,0.42,0.4199,482810.04,4812920.715,47.34964032908246,-0.07597274836057011,0.29034335798558264,-0.7326322126923055,105.73862156506392,102.0245,98.31037843493608,30.794164362449713,38.45835295179357,15.46578718376199
002594.SZ,20260512,99.97,100.1,99.1,99.23,100.44,-1.21,-1.2047,353441.29,3514548.836,44.61740989740486,-0.24672001944743727,0.18293068249897868,-0.8593014038928319,105.71726241428536,102.03450000000001,98.35173758571466,21.684061382195413,32.86692242859419,-0.6816607106021308
002594.SZ,20260513,99.23,99.25,97.81,98.6,99.23,-0.63,-0.6349,456193.52,4481395.884,43.219060111328815,-0.42794115754173845,0.06075631449083525,-0.9773949440651474,105.85605672916414,101.881,97.90594327083586,17.819174169654296,27.851006342280893,-2.244490175598898
002594.SZ,20260514,99.0,100.0,98.45,98.73,98.6,0.13,0.1318,339179.88,3361151.176,43.61178398789554,-0.5546763380139907,-0.062330216010129946,-0.9846922440077216,105.6497125979572,101.605,97.5602874020428,15.796009684835525,23.83267412313244,-0.277319191758302
002594.SZ,20260515,98.0,98.03,96.26,96.3,98.73,-2.43,-2.4613,466217.23,4507893.858,38.28181315079927,-0.8414953388054869,-0.21816324056920133,-1.246664196472571,105.75023390238489,101.22900000000001,96.70776609761513,10.675758360800732,19.44703553568854,-6.866795988974879
002594.SZ,20260518,95.34,95.94,94.3,94.51,96.3,-1.79,-1.8588,354613.17,3359745.463,34.898379373026145,-1.1994134124876439,-0.4144132749528898,-1.5700002750695081,106.10355883846933,100.80300000000001,95.5024411615307,8.039438380191301,15.644503150522793,-7.17069116047168
002594.SZ,20260519,94.51,96.08,93.8,96.0,94.51,1.49,1.5766,296184.39,2822346.576,39.677647259547044,-1.3473046279082865,-0.6009915455439692,-1.4926261647286347,105.5520631454352,100.326,95.09993685456479,15.189831127455506,15.492945809500362,14.583601763365792
002594.SZ,20260520,95.3,95.49,93.3,93.36,96.0,-2.64,-2.75,415009.93,3900216.299,34.802552976107336,-1.6584182054839118,-0.8124768775319577,-1.6918826559039082,105.59680282814229,99.80499999999999,94.0131971718577,10.386294344710608,13.790728654570444,3.5774257249909382
002594.SZ,20260521,93.41,96.2,93.41,93.51,93.36,0.15,0.1607,373949.74,3540792.199,35.2890574610083,-1.871302994690069,-1.02424210096358,-1.694121787452978,105.55260243181229,99.33500000000001,93.11739756818773,7.866322743939006,11.815926684359965,-0.03288513690291239
002594.SZ,20260522,93.55,94.19,92.61,93.75,93.51,0.24,0.2567,268591.77,2510615.944,36.110524695493645,-1.9976223823052663,-1.2189181572319172,-1.5574084501466983,105.52841110840691,98.946,92.36358889159308,10.31764640428155,11.316499924333828,8.319939364176996
002594.SZ,20260525,95.0,97.21,95.0,95.96,93.75,2.21,2.3573,405995.16,3900848.662,43.25405758228574,-1.8975293397552804,-1.3546403937365898,-1.085777892037381,105.24790425139798,98.663,92.07809574860201,21.988940633977478,14.873980160881711,36.21886158016901
002594.SZ,20260526,95.8,96.92,94.51,96.55,95.96,0.59,0.6148,386524.35,3720039.551,45.02140443101037,-1.7504190717773156,-1.4337961293447352,-0.6332458848651608,105.10885377625222,98.4915,91.87414622374779,32.431057400549705,20.72633924077104,55.840493720107034
002594.SZ,20260527,96.0,97.27,94.66,95.22,96.55,-1.33,-1.3775,362373.56,3467882.77,41.856678863983454,-1.721310809723036,-1.4912990654203955,-0.4600234886052812,105.02950288889419,98.2795,91.52949711110581,37.67236545030496,26.37501464394901,60.267067063016846
002594.SZ,20260528,95.22,95.99,94.03,95.88,95.22,0.66,0.6931,314589.76,2991315.17,43.96180504623094,-1.6262395410511914,-1.5182871605465547,-0.21590476100927347,104.51387836334617,97.9565,91.39912163665385,48.50546824011745,33.75183250933849,78.01273970167536
002594.SZ,20260529,98.9,99.5,96.13,96.18,95.88,0.3,0.3129,606293.93,5901286.621,44.9376814011175,-1.5092892360683976,-1.5164875756509233,0.014396679165051385,104.08419043518303,97.69149999999999,91.29880956481695,49.608386664190576,39.03735056095586,70.75045887066003
002594.SZ,20260601,96.18,96.22,93.6,93.65,96.18,-2.53,-2.6305,445980.76,4207350.43,38.800951814186455,-1.6022849887335155,-1.5336470582674417,-0.1372758609321476,102.65993520481311,97.104,91.54806479518689,38.10370431700758,38.72613514630643,36.858842658409884
002594.SZ,20260602,96.0,96.88,94.31,96.76,93.65,3.11,3.3209,554964.17,5321331.038,48.170668958464205,-1.4087940828303118,-1.508676463180016,0.1997647606994084,101.65095471367141,96.79299999999999,91.93504528632857,45.47987641453145,40.97738223571477,54.4848647721648
002594.SZ,20260603,96.0,96.0,94.5,94.82,96.76,-1.94,-2.005,370433.74,3514157.745,43.678317387134534,-1.3959018450676268,-1.4861215395575385,0.18043938897982326,101.06761047778139,96.4965,91.92538952221861,41.01174150905867,40.9888353268294,41.05755387351721
002594.SZ,20260604,93.6,94.39,93.1,93.44,94.82,-1.38,-1.4554,318711.74,2982999.607,40.76592178851951,-1.479978845737108,-1.4848930007934524,0.009828310112689032,100.51915053474595,96.1455,91.77184946525405,29.11199433937247,37.029888331010426,13.276206356096552
002594.SZ,20260605,93.52,94.0,92.3,93.01,93.44,-0.43,-0.4602,339968.97,3159266.076,39.87375579854048,-1.5632872782190503,-1.500571856278572,-0.12543084388095682,99.9903950946346,95.79499999999999,91.59960490536538,22.69503326328539,32.25160330843541,3.581893172985346
002594.SZ,20260608,91.0,92.02,90.3,91.19,93.01,-1.82,-1.9568,316843.95,2885879.183,36.256934174654766,-1.7559273631753598,-1.5516429576579296,-0.4085688110348604,99.41560114987188,95.33250000000001,91.24939885012814,18.354659856683014,27.619288824517948,-0.17459807898685398
002594.SZ,20260609,91.22,91.92,90.03,91.89,91.19,0.7,0.7676,281926.95,2562232.96109,38.56509708182065,-1.8310051805835599,-1.6075154022430558,-0.4469795566810082,98.89805883618865,94.96549999999999,91.03294116381133,18.783430400759457,24.674002683265115,7.00228583574814
002594.SZ,20260610,91.0,91.0,90.1,90.31,91.89,-1.58,-1.7194,241286.6,2182297.13741,35.445236952171584,-1.995000562534912,-1.6850124343014272,-0.6199762564669697,98.60939820619986,94.551,90.49260179380015,13.507855395648866,20.95195358739303,-1.3803409878394675
002594.SZ,20260611,90.1,90.8,88.88,89.8,90.31,-0.51,-0.5647,315087.34,2821436.89548,34.47572780533312,-2.141435684433702,-1.7762970843278822,-0.7302772002116398,98.19041960274392,94.1045,90.01858039725609,12.838570263765918,18.247492479517327,2.0207258322631034
002594.SZ,20260612,89.9,91.78,89.25,91.6,89.8,1.8,2.0045,385351.78,3497028.50468,40.64634374089334,-2.088170487238372,-1.8386717649099804,-0.49899744465678353,97.96392291417084,93.86949999999999,89.77507708582914,19.89238017584394,18.795788378292862,22.085563770946095
002594.SZ,20260615,91.61,91.9,90.4,90.82,91.6,-0.78,-0.8515,312979.08,2847656.61685,38.9352414836213,-2.0848639026866067,-1.8879101924653057,-0.3939074204426021,97.97521910863392,93.685,89.39478089136608,22.34398378764126,19.978520181408996,27.074911000105786
002594.SZ,20260616,90.35,90.5,89.5,89.64,90.82,-1.18,-1.2993,336018.68,3017362.61274,36.43627442683564,-2.1526451951011865,-1.9408571929924818,-0.42357600421740926,97.8616683971221,93.36699999999999,88.87233160287788,19.493690341186156,19.81691023466805,18.84725055422237
002594.SZ,20260617,89.0,89.3,87.0,87.47,89.64,-2.17,-2.4208,495267.11,4335318.6677,32.32716515647131,-2.354324040211182,-2.0235505624362222,-0.6615469555499196,98.25034076619674,93.0725,87.89465923380327,15.233888798886003,18.2892364227407,9.123193551176612
002594.SZ,20260618,87.0,89.33,86.08,88.13,87.47,0.66,0.7545,435789.76,3820166.90992,34.737869007039166,-2.432855055152487,-2.105411460979475,-0.6548871883460237,98.40421165121803,92.80350000000001,87.202788348782,21.659854036518826,19.41277562733341,26.154010854889663
002594.SZ,20260622,87.0,87.9,84.6,87.59,88.13,-0.54,-0.6127,637242.2,5467321.88639,33.68069838054683,-2.509734282754323,-2.1862760253344447,-0.6469165148397567,98.51592016806882,92.4955,86.4750798319312,28.05556753618562,22.29370626361748,39.5792900813219
002594.SZ,20260623,86.91,88.32,84.75,85.0,87.59,-2.59,-2.957,466216.68,4016365.83408,29.105520603646212,-2.7479760219551537,-2.2986160246585867,-0.8987199945931339,98.57171278342497,91.9475,85.32328721657504,20.53019570905528,21.705869412096746,18.178848302972355
002594.SZ,20260624,84.5,84.7,82.78,83.3,85.0,-1.7,-2.0,455735.3,3803649.80554,26.55565256901211,-3.038929224782521,-2.4466786646833736,-1.184501120198295,98.55437548900123,91.285,84.01562451099876,15.58738193469181,19.6663735862951,7.429398631485228
002594.SZ,20260625,82.8,83.81,81.34,82.2,83.3,-1.1,-1.3205,556432.08,4579273.3254,25.027760188999622,-3.3200016289944756,-2.621343257545594,-1.3973167428977629,98.66887498347629,90.634,82.59912501652371,13.10623442110767,17.479660531232625,4.359382200857759
002594.SZ,20260626,81.51,81.8,78.2,78.2,82.2,-4.0,-4.8662,663208.02,5267490.27775,20.425592493819693,-3.8214685937873867,-2.8613683247939528,-1.9202005379868679,99.06934332451029,89.75,80.43065667548971,8.737489614071782,14.565603558845678,-2.918738275476013
002594.SZ,20260629,78.2,80.95,77.6,79.64,78.2,1.44,1.8414,523707.29,4160734.87256,25.72093512815117,-4.055934522399639,-3.1002815643150905,-1.9113059161690966,98.73563899265105,88.923,79.11036100734896,11.096310905505232,13.409172674398864,6.470587367717968
002594.SZ,20260630,79.58,80.55,78.58,79.7,79.64,0.06,0.0753,382043.09,3031865.04919,25.94207427925302,-4.188625098692427,-3.3179502711905577,-1.741349655003738,98.56405400914929,88.2255,77.8869459908507,13.365145036747755,13.394496795181828,13.306441519879609
002594.SZ,20260701,79.9,81.65,78.55,80.66,79.7,0.96,1.2045,503176.61,4035250.99665,29.555751965938512,-4.168270135973756,-3.4880142441471977,-1.3605117836531173,97.47899983844998,87.4205,77.36200016155003,17.605748865078215,14.798247485147291,23.220751624940068
002594.SZ,20260702,81.9,85.67,81.9,83.57,80.66,2.91,3.6077,825046.21,6956783.9553,39.234926809387986,-3.872684109502174,-3.564948217218193,-0.615471784567962,96.44562452331647,86.858,77.27037547668354,30.300598745873035,19.965697905389206,50.9704004268407
002594.SZ,20260703,83.73,88.88,83.6,88.47,83.57,4.9,5.8633,838981.62,7298140.28407,51.35530243702542,-3.2060832726996153,-3.493175228314478,0.5741839112297251,95.74901306143273,86.6095,77.46998693856726,52.32214857289881,30.75118146122574,95.46408279624495
